period_start_hh,period_start_m,period_dayweek,temp,dwpt,rhum,wspd
12,00,0,28.0,20.0,62.0,7.2
12,02,0,28.0,20.0,62.0,7.2
12,04,0,28.0,20.0,62.0,7.2
12,06,0,28.0,20.0,62.0,7.2
12,08,0,28.0,20.0,62.0,7.2
12,10,0,28.0,20.0,62.0,7.2
12,12,0,28.0,20.0,62.0,7.2
12,14,0,28.0,20.0,62.0,7.2
12,16,0,28.0,20.0,62.0,7.2
12,18,0,28.0,20.0,62.0,7.2
12,20,0,28.0,20.0,62.0,7.2
12,22,0,28.0,20.0,62.0,7.2
12,24,0,28.0,20.0,62.0,7.2
12,26,0,28.0,20.0,62.0,7.2
12,28,0,28.0,20.0,62.0,7.2
12,30,0,28.0,20.0,62.0,7.2
12,32,0,28.0,20.0,62.0,7.2
12,34,0,28.0,20.0,62.0,7.2
12,36,0,28.0,20.0,62.0,7.2
12,38,0,28.0,20.0,62.0,7.2
12,40,0,28.0,20.0,62.0,7.2
12,42,0,28.0,20.0,62.0,7.2
12,44,0,28.0,20.0,62.0,7.2
12,46,0,28.0,20.0,62.0,7.2
12,48,0,28.0,20.0,62.0,7.2
12,50,0,28.0,20.0,62.0,7.2
12,52,0,28.0,20.0,62.0,7.2
12,54,0,28.0,20.0,62.0,7.2
12,56,0,28.0,20.0,62.0,7.2
12,58,0,28.0,20.0,62.0,7.2
12,00,0,28.0,20.0,62.0,7.2
12,02,0,28.0,20.0,62.0,7.2
12,04,0,28.0,20.0,62.0,7.2
12,06,0,28.0,20.0,62.0,7.2
12,08,0,28.0,20.0,62.0,7.2
12,10,0,28.0,20.0,62.0,7.2
12,12,0,28.0,20.0,62.0,7.2
12,14,0,28.0,20.0,62.0,7.2
12,16,0,28.0,20.0,62.0,7.2
12,18,0,28.0,20.0,62.0,7.2
12,20,0,28.0,20.0,62.0,7.2
12,22,0,28.0,20.0,62.0,7.2
12,24,0,28.0,20.0,62.0,7.2
12,26,0,28.0,20.0,62.0,7.2
12,28,0,28.0,20.0,62.0,7.2
12,30,0,28.0,20.0,62.0,7.2
12,32,0,28.0,20.0,62.0,7.2
12,34,0,28.0,20.0,62.0,7.2
12,36,0,28.0,20.0,62.0,7.2
12,38,0,28.0,20.0,62.0,7.2
12,40,0,28.0,20.0,62.0,7.2
12,42,0,28.0,20.0,62.0,7.2
12,44,0,28.0,20.0,62.0,7.2
12,46,0,28.0,20.0,62.0,7.2
12,48,0,28.0,20.0,62.0,7.2
12,50,0,28.0,20.0,62.0,7.2
12,52,0,28.0,20.0,62.0,7.2
12,54,0,28.0,20.0,62.0,7.2
12,56,0,28.0,20.0,62.0,7.2
12,58,0,28.0,20.0,62.0,7.2
12,00,1,25.0,18.9,69.0,7.2
12,02,1,25.0,18.9,69.0,7.2
12,04,1,25.0,18.9,69.0,7.2
12,06,1,25.0,18.9,69.0,7.2
12,08,1,25.0,18.9,69.0,7.2
12,10,1,25.0,18.9,69.0,7.2
12,12,1,25.0,18.9,69.0,7.2
12,14,1,25.0,18.9,69.0,7.2
12,16,1,25.0,18.9,69.0,7.2
12,18,1,25.0,18.9,69.0,7.2
12,20,1,25.0,18.9,69.0,7.2
12,22,1,25.0,18.9,69.0,7.2
12,24,1,25.0,18.9,69.0,7.2
12,26,1,25.0,18.9,69.0,7.2
12,28,1,25.0,18.9,69.0,7.2
12,30,1,25.0,18.9,69.0,7.2
12,32,1,25.0,18.9,69.0,7.2
12,34,1,25.0,18.9,69.0,7.2
12,36,1,25.0,18.9,69.0,7.2
12,38,1,25.0,18.9,69.0,7.2
12,40,1,25.0,18.9,69.0,7.2
12,42,1,25.0,18.9,69.0,7.2
12,44,1,25.0,18.9,69.0,7.2
12,46,1,25.0,18.9,69.0,7.2
12,48,1,25.0,18.9,69.0,7.2
12,50,1,25.0,18.9,69.0,7.2
12,52,1,25.0,18.9,69.0,7.2
12,54,1,25.0,18.9,69.0,7.2
12,56,1,25.0,18.9,69.0,7.2
12,58,1,25.0,18.9,69.0,7.2
12,00,1,25.0,18.9,69.0,7.2
12,02,1,25.0,18.9,69.0,7.2
12,04,1,25.0,18.9,69.0,7.2
12,06,1,25.0,18.9,69.0,7.2
12,08,1,25.0,18.9,69.0,7.2
12,10,1,25.0,18.9,69.0,7.2
12,12,1,25.0,18.9,69.0,7.2
12,14,1,25.0,18.9,69.0,7.2
12,16,1,25.0,18.9,69.0,7.2
12,18,1,25.0,18.9,69.0,7.2
12,20,1,25.0,18.9,69.0,7.2
12,22,1,25.0,18.9,69.0,7.2
12,24,1,25.0,18.9,69.0,7.2
12,26,1,25.0,18.9,69.0,7.2
12,28,1,25.0,18.9,69.0,7.2
12,30,1,25.0,18.9,69.0,7.2
12,32,1,25.0,18.9,69.0,7.2
12,34,1,25.0,18.9,69.0,7.2
12,36,1,25.0,18.9,69.0,7.2
12,38,1,25.0,18.9,69.0,7.2
12,40,1,25.0,18.9,69.0,7.2
12,42,1,25.0,18.9,69.0,7.2
12,44,1,25.0,18.9,69.0,7.2
12,46,1,25.0,18.9,69.0,7.2
12,48,1,25.0,18.9,69.0,7.2
12,50,1,25.0,18.9,69.0,7.2
12,52,1,25.0,18.9,69.0,7.2
12,54,1,25.0,18.9,69.0,7.2
12,56,1,25.0,18.9,69.0,7.2
12,58,1,25.0,18.9,69.0,7.2
12,00,2,26.0,15.1,51.0,10.8
12,02,2,26.0,15.1,51.0,10.8
12,04,2,26.0,15.1,51.0,10.8
12,06,2,26.0,15.1,51.0,10.8
12,08,2,26.0,15.1,51.0,10.8
12,10,2,26.0,15.1,51.0,10.8
12,12,2,26.0,15.1,51.0,10.8
12,14,2,26.0,15.1,51.0,10.8
12,16,2,26.0,15.1,51.0,10.8
12,18,2,26.0,15.1,51.0,10.8
12,20,2,26.0,15.1,51.0,10.8
12,22,2,26.0,15.1,51.0,10.8
12,24,2,26.0,15.1,51.0,10.8
12,26,2,26.0,15.1,51.0,10.8
12,28,2,26.0,15.1,51.0,10.8
12,30,2,26.0,15.1,51.0,10.8
12,32,2,26.0,15.1,51.0,10.8
12,34,2,26.0,15.1,51.0,10.8
12,36,2,26.0,15.1,51.0,10.8
12,38,2,26.0,15.1,51.0,10.8
12,40,2,26.0,15.1,51.0,10.8
12,42,2,26.0,15.1,51.0,10.8
12,44,2,26.0,15.1,51.0,10.8
12,46,2,26.0,15.1,51.0,10.8
12,48,2,26.0,15.1,51.0,10.8
12,50,2,26.0,15.1,51.0,10.8
12,52,2,26.0,15.1,51.0,10.8
12,54,2,26.0,15.1,51.0,10.8
12,56,2,26.0,15.1,51.0,10.8
12,58,2,26.0,15.1,51.0,10.8
12,00,2,26.0,15.1,51.0,10.8
12,02,2,26.0,15.1,51.0,10.8
12,04,2,26.0,15.1,51.0,10.8
12,06,2,26.0,15.1,51.0,10.8
12,08,2,26.0,15.1,51.0,10.8
12,10,2,26.0,15.1,51.0,10.8
12,12,2,26.0,15.1,51.0,10.8
12,14,2,26.0,15.1,51.0,10.8
12,16,2,26.0,15.1,51.0,10.8
12,18,2,26.0,15.1,51.0,10.8
12,20,2,26.0,15.1,51.0,10.8
12,22,2,26.0,15.1,51.0,10.8
12,24,2,26.0,15.1,51.0,10.8
12,26,2,26.0,15.1,51.0,10.8
12,28,2,26.0,15.1,51.0,10.8
12,30,2,26.0,15.1,51.0,10.8
12,32,2,26.0,15.1,51.0,10.8
12,34,2,26.0,15.1,51.0,10.8
12,36,2,26.0,15.1,51.0,10.8
12,38,2,26.0,15.1,51.0,10.8
12,40,2,26.0,15.1,51.0,10.8
12,42,2,26.0,15.1,51.0,10.8
12,44,2,26.0,15.1,51.0,10.8
12,46,2,26.0,15.1,51.0,10.8
12,48,2,26.0,15.1,51.0,10.8
12,50,2,26.0,15.1,51.0,10.8
12,52,2,26.0,15.1,51.0,10.8
12,54,2,26.0,15.1,51.0,10.8
12,56,2,26.0,15.1,51.0,10.8
12,58,2,26.0,15.1,51.0,10.8
12,00,3,24.0,15.0,57.0,7.2
12,02,3,24.0,15.0,57.0,7.2
12,04,3,24.0,15.0,57.0,7.2
12,06,3,24.0,15.0,57.0,7.2
12,08,3,24.0,15.0,57.0,7.2
12,10,3,24.0,15.0,57.0,7.2
12,12,3,24.0,15.0,57.0,7.2
12,14,3,24.0,15.0,57.0,7.2
12,16,3,24.0,15.0,57.0,7.2
12,18,3,24.0,15.0,57.0,7.2
12,20,3,24.0,15.0,57.0,7.2
12,22,3,24.0,15.0,57.0,7.2
12,24,3,24.0,15.0,57.0,7.2
12,26,3,24.0,15.0,57.0,7.2
12,28,3,24.0,15.0,57.0,7.2
12,30,3,24.0,15.0,57.0,7.2
12,32,3,24.0,15.0,57.0,7.2
12,34,3,24.0,15.0,57.0,7.2
12,36,3,24.0,15.0,57.0,7.2
12,38,3,24.0,15.0,57.0,7.2
12,40,3,24.0,15.0,57.0,7.2
12,42,3,24.0,15.0,57.0,7.2
12,44,3,24.0,15.0,57.0,7.2
12,46,3,24.0,15.0,57.0,7.2
12,48,3,24.0,15.0,57.0,7.2
12,50,3,24.0,15.0,57.0,7.2
12,52,3,24.0,15.0,57.0,7.2
12,54,3,24.0,15.0,57.0,7.2
12,56,3,24.0,15.0,57.0,7.2
12,58,3,24.0,15.0,57.0,7.2
12,00,3,24.0,15.0,57.0,7.2
12,02,3,24.0,15.0,57.0,7.2
12,04,3,24.0,15.0,57.0,7.2
12,06,3,24.0,15.0,57.0,7.2
12,08,3,24.0,15.0,57.0,7.2
12,10,3,24.0,15.0,57.0,7.2
12,12,3,24.0,15.0,57.0,7.2
12,14,3,24.0,15.0,57.0,7.2
12,16,3,24.0,15.0,57.0,7.2
12,18,3,24.0,15.0,57.0,7.2
12,20,3,24.0,15.0,57.0,7.2
12,22,3,24.0,15.0,57.0,7.2
12,24,3,24.0,15.0,57.0,7.2
12,26,3,24.0,15.0,57.0,7.2
12,28,3,24.0,15.0,57.0,7.2
12,30,3,24.0,15.0,57.0,7.2
12,32,3,24.0,15.0,57.0,7.2
12,34,3,24.0,15.0,57.0,7.2
12,36,3,24.0,15.0,57.0,7.2
12,38,3,24.0,15.0,57.0,7.2
12,40,3,24.0,15.0,57.0,7.2
12,42,3,24.0,15.0,57.0,7.2
12,44,3,24.0,15.0,57.0,7.2
12,46,3,24.0,15.0,57.0,7.2
12,48,3,24.0,15.0,57.0,7.2
12,50,3,24.0,15.0,57.0,7.2
12,52,3,24.0,15.0,57.0,7.2
12,54,3,24.0,15.0,57.0,7.2
12,56,3,24.0,15.0,57.0,7.2
12,58,3,24.0,15.0,57.0,7.2
12,00,4,27.0,11.9,39.0,7.2
12,02,4,27.0,11.9,39.0,7.2
12,04,4,27.0,11.9,39.0,7.2
12,06,4,27.0,11.9,39.0,7.2
12,08,4,27.0,11.9,39.0,7.2
12,10,4,27.0,11.9,39.0,7.2
12,12,4,27.0,11.9,39.0,7.2
12,14,4,27.0,11.9,39.0,7.2
12,16,4,27.0,11.9,39.0,7.2
12,18,4,27.0,11.9,39.0,7.2
12,20,4,27.0,11.9,39.0,7.2
12,22,4,27.0,11.9,39.0,7.2
12,24,4,27.0,11.9,39.0,7.2
12,26,4,27.0,11.9,39.0,7.2
12,28,4,27.0,11.9,39.0,7.2
12,30,4,27.0,11.9,39.0,7.2
12,32,4,27.0,11.9,39.0,7.2
12,34,4,27.0,11.9,39.0,7.2
12,36,4,27.0,11.9,39.0,7.2
12,38,4,27.0,11.9,39.0,7.2
12,40,4,27.0,11.9,39.0,7.2
12,42,4,27.0,11.9,39.0,7.2
12,44,4,27.0,11.9,39.0,7.2
12,46,4,27.0,11.9,39.0,7.2
12,48,4,27.0,11.9,39.0,7.2
12,50,4,27.0,11.9,39.0,7.2
12,52,4,27.0,11.9,39.0,7.2
12,54,4,27.0,11.9,39.0,7.2
12,56,4,27.0,11.9,39.0,7.2
12,58,4,27.0,11.9,39.0,7.2
12,00,4,27.0,11.9,39.0,7.2
12,02,4,27.0,11.9,39.0,7.2
12,04,4,27.0,11.9,39.0,7.2
12,06,4,27.0,11.9,39.0,7.2
12,08,4,27.0,11.9,39.0,7.2
12,10,4,27.0,11.9,39.0,7.2
12,12,4,27.0,11.9,39.0,7.2
12,14,4,27.0,11.9,39.0,7.2
12,16,4,27.0,11.9,39.0,7.2
12,18,4,27.0,11.9,39.0,7.2
12,20,4,27.0,11.9,39.0,7.2
12,22,4,27.0,11.9,39.0,7.2
12,24,4,27.0,11.9,39.0,7.2
12,26,4,27.0,11.9,39.0,7.2
12,28,4,27.0,11.9,39.0,7.2
12,30,4,27.0,11.9,39.0,7.2
12,32,4,27.0,11.9,39.0,7.2
12,34,4,27.0,11.9,39.0,7.2
12,36,4,27.0,11.9,39.0,7.2
12,38,4,27.0,11.9,39.0,7.2
12,40,4,27.0,11.9,39.0,7.2
12,42,4,27.0,11.9,39.0,7.2
12,44,4,27.0,11.9,39.0,7.2
12,46,4,27.0,11.9,39.0,7.2
12,48,4,27.0,11.9,39.0,7.2
12,50,4,27.0,11.9,39.0,7.2
12,52,4,27.0,11.9,39.0,7.2
12,54,4,27.0,11.9,39.0,7.2
12,56,4,27.0,11.9,39.0,7.2
12,58,4,27.0,11.9,39.0,7.2
12,00,5,26.0,15.1,51.0,10.8
12,02,5,26.0,15.1,51.0,10.8
12,04,5,26.0,15.1,51.0,10.8
12,06,5,26.0,15.1,51.0,10.8
12,08,5,26.0,15.1,51.0,10.8
12,10,5,26.0,15.1,51.0,10.8
12,12,5,26.0,15.1,51.0,10.8
12,14,5,26.0,15.1,51.0,10.8
12,16,5,26.0,15.1,51.0,10.8
12,18,5,26.0,15.1,51.0,10.8
12,20,5,26.0,15.1,51.0,10.8
12,22,5,26.0,15.1,51.0,10.8
12,24,5,26.0,15.1,51.0,10.8
12,26,5,26.0,15.1,51.0,10.8
12,28,5,26.0,15.1,51.0,10.8
12,30,5,26.0,15.1,51.0,10.8
12,32,5,26.0,15.1,51.0,10.8
12,34,5,26.0,15.1,51.0,10.8
12,36,5,26.0,15.1,51.0,10.8
12,38,5,26.0,15.1,51.0,10.8
12,40,5,26.0,15.1,51.0,10.8
12,42,5,26.0,15.1,51.0,10.8
12,44,5,26.0,15.1,51.0,10.8
12,46,5,26.0,15.1,51.0,10.8
12,48,5,26.0,15.1,51.0,10.8
12,50,5,26.0,15.1,51.0,10.8
12,52,5,26.0,15.1,51.0,10.8
12,54,5,26.0,15.1,51.0,10.8
12,56,5,26.0,15.1,51.0,10.8
12,58,5,26.0,15.1,51.0,10.8
12,00,5,26.0,15.1,51.0,10.8
12,02,5,26.0,15.1,51.0,10.8
12,04,5,26.0,15.1,51.0,10.8
12,06,5,26.0,15.1,51.0,10.8
12,08,5,26.0,15.1,51.0,10.8
12,10,5,26.0,15.1,51.0,10.8
12,12,5,26.0,15.1,51.0,10.8
12,14,5,26.0,15.1,51.0,10.8
12,16,5,26.0,15.1,51.0,10.8
12,18,5,26.0,15.1,51.0,10.8
12,20,5,26.0,15.1,51.0,10.8
12,22,5,26.0,15.1,51.0,10.8
12,24,5,26.0,15.1,51.0,10.8
12,26,5,26.0,15.1,51.0,10.8
12,28,5,26.0,15.1,51.0,10.8
12,30,5,26.0,15.1,51.0,10.8
12,32,5,26.0,15.1,51.0,10.8
12,34,5,26.0,15.1,51.0,10.8
12,36,5,26.0,15.1,51.0,10.8
12,38,5,26.0,15.1,51.0,10.8
12,40,5,26.0,15.1,51.0,10.8
12,42,5,26.0,15.1,51.0,10.8
12,44,5,26.0,15.1,51.0,10.8
12,46,5,26.0,15.1,51.0,10.8
12,48,5,26.0,15.1,51.0,10.8
12,50,5,26.0,15.1,51.0,10.8
12,52,5,26.0,15.1,51.0,10.8
12,54,5,26.0,15.1,51.0,10.8
12,56,5,26.0,15.1,51.0,10.8
12,58,5,26.0,15.1,51.0,10.8
12,00,6,24.0,19.1,74.0,7.2
12,02,6,24.0,19.1,74.0,7.2
12,04,6,24.0,19.1,74.0,7.2
12,06,6,24.0,19.1,74.0,7.2
12,08,6,24.0,19.1,74.0,7.2
12,10,6,24.0,19.1,74.0,7.2
12,12,6,24.0,19.1,74.0,7.2
12,14,6,24.0,19.1,74.0,7.2
12,16,6,24.0,19.1,74.0,7.2
12,18,6,24.0,19.1,74.0,7.2
12,20,6,24.0,19.1,74.0,7.2
12,22,6,24.0,19.1,74.0,7.2
12,24,6,24.0,19.1,74.0,7.2
12,26,6,24.0,19.1,74.0,7.2
12,28,6,24.0,19.1,74.0,7.2
12,30,6,24.0,19.1,74.0,7.2
12,32,6,24.0,19.1,74.0,7.2
12,34,6,24.0,19.1,74.0,7.2
12,36,6,24.0,19.1,74.0,7.2
12,38,6,24.0,19.1,74.0,7.2
12,40,6,24.0,19.1,74.0,7.2
12,42,6,24.0,19.1,74.0,7.2
12,44,6,24.0,19.1,74.0,7.2
12,46,6,24.0,19.1,74.0,7.2
12,48,6,24.0,19.1,74.0,7.2
12,50,6,24.0,19.1,74.0,7.2
12,52,6,24.0,19.1,74.0,7.2
12,54,6,24.0,19.1,74.0,7.2
12,56,6,24.0,19.1,74.0,7.2
12,58,6,24.0,19.1,74.0,7.2
12,00,6,24.0,19.1,74.0,7.2
12,02,6,24.0,19.1,74.0,7.2
12,04,6,24.0,19.1,74.0,7.2
12,06,6,24.0,19.1,74.0,7.2
12,08,6,24.0,19.1,74.0,7.2
12,10,6,24.0,19.1,74.0,7.2
12,12,6,24.0,19.1,74.0,7.2
12,14,6,24.0,19.1,74.0,7.2
12,16,6,24.0,19.1,74.0,7.2
12,18,6,24.0,19.1,74.0,7.2
12,20,6,24.0,19.1,74.0,7.2
12,22,6,24.0,19.1,74.0,7.2
12,24,6,24.0,19.1,74.0,7.2
12,26,6,24.0,19.1,74.0,7.2
12,28,6,24.0,19.1,74.0,7.2
12,30,6,24.0,19.1,74.0,7.2
12,32,6,24.0,19.1,74.0,7.2
12,34,6,24.0,19.1,74.0,7.2
12,36,6,24.0,19.1,74.0,7.2
12,38,6,24.0,19.1,74.0,7.2
12,40,6,24.0,19.1,74.0,7.2
12,42,6,24.0,19.1,74.0,7.2
12,44,6,24.0,19.1,74.0,7.2
12,46,6,24.0,19.1,74.0,7.2
12,48,6,24.0,19.1,74.0,7.2
12,50,6,24.0,19.1,74.0,7.2
12,52,6,24.0,19.1,74.0,7.2
12,54,6,24.0,19.1,74.0,7.2
12,56,6,24.0,19.1,74.0,7.2
12,58,6,24.0,19.1,74.0,7.2
12,00,0,24.0,19.9,78.0,7.2
12,02,0,24.0,19.9,78.0,7.2
12,04,0,24.0,19.9,78.0,7.2
12,06,0,24.0,19.9,78.0,7.2
12,08,0,24.0,19.9,78.0,7.2
12,10,0,24.0,19.9,78.0,7.2
12,12,0,24.0,19.9,78.0,7.2
12,14,0,24.0,19.9,78.0,7.2
12,16,0,24.0,19.9,78.0,7.2
12,18,0,24.0,19.9,78.0,7.2
12,20,0,24.0,19.9,78.0,7.2
12,22,0,24.0,19.9,78.0,7.2
12,24,0,24.0,19.9,78.0,7.2
12,26,0,24.0,19.9,78.0,7.2
12,28,0,24.0,19.9,78.0,7.2
12,30,0,24.0,19.9,78.0,7.2
12,32,0,24.0,19.9,78.0,7.2
12,34,0,24.0,19.9,78.0,7.2
12,36,0,24.0,19.9,78.0,7.2
12,38,0,24.0,19.9,78.0,7.2
12,40,0,24.0,19.9,78.0,7.2
12,42,0,24.0,19.9,78.0,7.2
12,44,0,24.0,19.9,78.0,7.2
12,46,0,24.0,19.9,78.0,7.2
12,48,0,24.0,19.9,78.0,7.2
12,50,0,24.0,19.9,78.0,7.2
12,52,0,24.0,19.9,78.0,7.2
12,54,0,24.0,19.9,78.0,7.2
12,56,0,24.0,19.9,78.0,7.2
12,58,0,24.0,19.9,78.0,7.2
12,00,0,24.0,19.9,78.0,7.2
12,02,0,24.0,19.9,78.0,7.2
12,04,0,24.0,19.9,78.0,7.2
12,06,0,24.0,19.9,78.0,7.2
12,08,0,24.0,19.9,78.0,7.2
12,10,0,24.0,19.9,78.0,7.2
12,12,0,24.0,19.9,78.0,7.2
12,14,0,24.0,19.9,78.0,7.2
12,16,0,24.0,19.9,78.0,7.2
12,18,0,24.0,19.9,78.0,7.2
12,20,0,24.0,19.9,78.0,7.2
12,22,0,24.0,19.9,78.0,7.2
12,24,0,24.0,19.9,78.0,7.2
12,26,0,24.0,19.9,78.0,7.2
12,28,0,24.0,19.9,78.0,7.2
12,30,0,24.0,19.9,78.0,7.2
12,32,0,24.0,19.9,78.0,7.2
12,34,0,24.0,19.9,78.0,7.2
12,36,0,24.0,19.9,78.0,7.2
12,38,0,24.0,19.9,78.0,7.2
12,40,0,24.0,19.9,78.0,7.2
12,42,0,24.0,19.9,78.0,7.2
12,44,0,24.0,19.9,78.0,7.2
12,46,0,24.0,19.9,78.0,7.2
12,48,0,24.0,19.9,78.0,7.2
12,50,0,24.0,19.9,78.0,7.2
12,52,0,24.0,19.9,78.0,7.2
12,54,0,24.0,19.9,78.0,7.2
12,56,0,24.0,19.9,78.0,7.2
12,58,0,24.0,19.9,78.0,7.2
12,00,1,28.0,13.9,42.0,7.2
12,02,1,28.0,13.9,42.0,7.2
12,04,1,28.0,13.9,42.0,7.2
12,06,1,28.0,13.9,42.0,7.2
12,08,1,28.0,13.9,42.0,7.2
12,10,1,28.0,13.9,42.0,7.2
12,12,1,28.0,13.9,42.0,7.2
12,14,1,28.0,13.9,42.0,7.2
12,16,1,28.0,13.9,42.0,7.2
12,18,1,28.0,13.9,42.0,7.2
12,20,1,28.0,13.9,42.0,7.2
12,22,1,28.0,13.9,42.0,7.2
12,24,1,28.0,13.9,42.0,7.2
12,26,1,28.0,13.9,42.0,7.2
12,28,1,28.0,13.9,42.0,7.2
12,30,1,28.0,13.9,42.0,7.2
12,32,1,28.0,13.9,42.0,7.2
12,34,1,28.0,13.9,42.0,7.2
12,36,1,28.0,13.9,42.0,7.2
12,38,1,28.0,13.9,42.0,7.2
12,40,1,28.0,13.9,42.0,7.2
12,42,1,28.0,13.9,42.0,7.2
12,44,1,28.0,13.9,42.0,7.2
12,46,1,28.0,13.9,42.0,7.2
12,48,1,28.0,13.9,42.0,7.2
12,50,1,28.0,13.9,42.0,7.2
12,52,1,28.0,13.9,42.0,7.2
12,54,1,28.0,13.9,42.0,7.2
12,56,1,28.0,13.9,42.0,7.2
12,58,1,28.0,13.9,42.0,7.2
12,00,1,28.0,13.9,42.0,7.2
12,02,1,28.0,13.9,42.0,7.2
12,04,1,28.0,13.9,42.0,7.2
12,06,1,28.0,13.9,42.0,7.2
12,08,1,28.0,13.9,42.0,7.2
12,10,1,28.0,13.9,42.0,7.2
12,12,1,28.0,13.9,42.0,7.2
12,14,1,28.0,13.9,42.0,7.2
12,16,1,28.0,13.9,42.0,7.2
12,18,1,28.0,13.9,42.0,7.2
12,20,1,28.0,13.9,42.0,7.2
12,22,1,28.0,13.9,42.0,7.2
12,24,1,28.0,13.9,42.0,7.2
12,26,1,28.0,13.9,42.0,7.2
12,28,1,28.0,13.9,42.0,7.2
12,30,1,28.0,13.9,42.0,7.2
12,32,1,28.0,13.9,42.0,7.2
12,34,1,28.0,13.9,42.0,7.2
12,36,1,28.0,13.9,42.0,7.2
12,38,1,28.0,13.9,42.0,7.2
12,40,1,28.0,13.9,42.0,7.2
12,42,1,28.0,13.9,42.0,7.2
12,44,1,28.0,13.9,42.0,7.2
12,46,1,28.0,13.9,42.0,7.2
12,48,1,28.0,13.9,42.0,7.2
12,50,1,28.0,13.9,42.0,7.2
12,52,1,28.0,13.9,42.0,7.2
12,54,1,28.0,13.9,42.0,7.2
12,56,1,28.0,13.9,42.0,7.2
12,58,1,28.0,13.9,42.0,7.2
12,00,2,31.0,15.8,40.0,3.6
12,02,2,31.0,15.8,40.0,3.6
12,04,2,31.0,15.8,40.0,3.6
12,06,2,31.0,15.8,40.0,3.6
12,08,2,31.0,15.8,40.0,3.6
12,10,2,31.0,15.8,40.0,3.6
12,12,2,31.0,15.8,40.0,3.6
12,14,2,31.0,15.8,40.0,3.6
12,16,2,31.0,15.8,40.0,3.6
12,18,2,31.0,15.8,40.0,3.6
12,20,2,31.0,15.8,40.0,3.6
12,22,2,31.0,15.8,40.0,3.6
12,24,2,31.0,15.8,40.0,3.6
12,26,2,31.0,15.8,40.0,3.6
12,28,2,31.0,15.8,40.0,3.6
12,30,2,31.0,15.8,40.0,3.6
12,32,2,31.0,15.8,40.0,3.6
12,34,2,31.0,15.8,40.0,3.6
12,36,2,31.0,15.8,40.0,3.6
12,38,2,31.0,15.8,40.0,3.6
12,40,2,31.0,15.8,40.0,3.6
12,42,2,31.0,15.8,40.0,3.6
12,44,2,31.0,15.8,40.0,3.6
12,46,2,31.0,15.8,40.0,3.6
12,48,2,31.0,15.8,40.0,3.6
12,50,2,31.0,15.8,40.0,3.6
12,52,2,31.0,15.8,40.0,3.6
12,54,2,31.0,15.8,40.0,3.6
12,56,2,31.0,15.8,40.0,3.6
12,58,2,31.0,15.8,40.0,3.6
12,00,2,31.0,15.8,40.0,3.6
12,02,2,31.0,15.8,40.0,3.6
12,04,2,31.0,15.8,40.0,3.6
12,06,2,31.0,15.8,40.0,3.6
12,08,2,31.0,15.8,40.0,3.6
12,10,2,31.0,15.8,40.0,3.6
12,12,2,31.0,15.8,40.0,3.6
12,14,2,31.0,15.8,40.0,3.6
12,16,2,31.0,15.8,40.0,3.6
12,18,2,31.0,15.8,40.0,3.6
12,20,2,31.0,15.8,40.0,3.6
12,22,2,31.0,15.8,40.0,3.6
12,24,2,31.0,15.8,40.0,3.6
12,26,2,31.0,15.8,40.0,3.6
12,28,2,31.0,15.8,40.0,3.6
12,30,2,31.0,15.8,40.0,3.6
12,32,2,31.0,15.8,40.0,3.6
12,34,2,31.0,15.8,40.0,3.6
12,36,2,31.0,15.8,40.0,3.6
12,38,2,31.0,15.8,40.0,3.6
12,40,2,31.0,15.8,40.0,3.6
12,42,2,31.0,15.8,40.0,3.6
12,44,2,31.0,15.8,40.0,3.6
12,46,2,31.0,15.8,40.0,3.6
12,48,2,31.0,15.8,40.0,3.6
12,50,2,31.0,15.8,40.0,3.6
12,52,2,31.0,15.8,40.0,3.6
12,54,2,31.0,15.8,40.0,3.6
12,56,2,31.0,15.8,40.0,3.6
12,58,2,31.0,15.8,40.0,3.6
12,00,3,28.0,13.1,40.0,3.6
12,02,3,28.0,13.1,40.0,3.6
12,04,3,28.0,13.1,40.0,3.6
12,06,3,28.0,13.1,40.0,3.6
12,08,3,28.0,13.1,40.0,3.6
12,10,3,28.0,13.1,40.0,3.6
12,12,3,28.0,13.1,40.0,3.6
12,14,3,28.0,13.1,40.0,3.6
12,16,3,28.0,13.1,40.0,3.6
12,18,3,28.0,13.1,40.0,3.6
12,20,3,28.0,13.1,40.0,3.6
12,22,3,28.0,13.1,40.0,3.6
12,24,3,28.0,13.1,40.0,3.6
12,26,3,28.0,13.1,40.0,3.6
12,28,3,28.0,13.1,40.0,3.6
12,30,3,28.0,13.1,40.0,3.6
12,32,3,28.0,13.1,40.0,3.6
12,34,3,28.0,13.1,40.0,3.6
12,36,3,28.0,13.1,40.0,3.6
12,38,3,28.0,13.1,40.0,3.6
12,40,3,28.0,13.1,40.0,3.6
12,42,3,28.0,13.1,40.0,3.6
12,44,3,28.0,13.1,40.0,3.6
12,46,3,28.0,13.1,40.0,3.6
12,48,3,28.0,13.1,40.0,3.6
12,50,3,28.0,13.1,40.0,3.6
12,52,3,28.0,13.1,40.0,3.6
12,54,3,28.0,13.1,40.0,3.6
12,56,3,28.0,13.1,40.0,3.6
12,58,3,28.0,13.1,40.0,3.6
12,00,3,28.0,13.1,40.0,3.6
12,02,3,28.0,13.1,40.0,3.6
12,04,3,28.0,13.1,40.0,3.6
12,06,3,28.0,13.1,40.0,3.6
12,08,3,28.0,13.1,40.0,3.6
12,10,3,28.0,13.1,40.0,3.6
12,12,3,28.0,13.1,40.0,3.6
12,14,3,28.0,13.1,40.0,3.6
12,16,3,28.0,13.1,40.0,3.6
12,18,3,28.0,13.1,40.0,3.6
12,20,3,28.0,13.1,40.0,3.6
12,22,3,28.0,13.1,40.0,3.6
12,24,3,28.0,13.1,40.0,3.6
12,26,3,28.0,13.1,40.0,3.6
12,28,3,28.0,13.1,40.0,3.6
12,30,3,28.0,13.1,40.0,3.6
12,32,3,28.0,13.1,40.0,3.6
12,34,3,28.0,13.1,40.0,3.6
12,36,3,28.0,13.1,40.0,3.6
12,38,3,28.0,13.1,40.0,3.6
12,40,3,28.0,13.1,40.0,3.6
12,42,3,28.0,13.1,40.0,3.6
12,44,3,28.0,13.1,40.0,3.6
12,46,3,28.0,13.1,40.0,3.6
12,48,3,28.0,13.1,40.0,3.6
12,50,3,28.0,13.1,40.0,3.6
12,52,3,28.0,13.1,40.0,3.6
12,54,3,28.0,13.1,40.0,3.6
12,56,3,28.0,13.1,40.0,3.6
12,58,3,28.0,13.1,40.0,3.6
12,00,4,19.0,17.0,88.0,7.2
12,02,4,19.0,17.0,88.0,7.2
12,04,4,19.0,17.0,88.0,7.2
12,06,4,19.0,17.0,88.0,7.2
12,08,4,19.0,17.0,88.0,7.2
12,10,4,19.0,17.0,88.0,7.2
12,12,4,19.0,17.0,88.0,7.2
12,14,4,19.0,17.0,88.0,7.2
12,16,4,19.0,17.0,88.0,7.2
12,18,4,19.0,17.0,88.0,7.2
12,20,4,19.0,17.0,88.0,7.2
12,22,4,19.0,17.0,88.0,7.2
12,24,4,19.0,17.0,88.0,7.2
12,26,4,19.0,17.0,88.0,7.2
12,28,4,19.0,17.0,88.0,7.2
12,30,4,19.0,17.0,88.0,7.2
12,32,4,19.0,17.0,88.0,7.2
12,34,4,19.0,17.0,88.0,7.2
12,36,4,19.0,17.0,88.0,7.2
12,38,4,19.0,17.0,88.0,7.2
12,40,4,19.0,17.0,88.0,7.2
12,42,4,19.0,17.0,88.0,7.2
12,44,4,19.0,17.0,88.0,7.2
12,46,4,19.0,17.0,88.0,7.2
12,48,4,19.0,17.0,88.0,7.2
12,50,4,19.0,17.0,88.0,7.2
12,52,4,19.0,17.0,88.0,7.2
12,54,4,19.0,17.0,88.0,7.2
12,56,4,19.0,17.0,88.0,7.2
12,58,4,19.0,17.0,88.0,7.2
12,00,4,19.0,17.0,88.0,7.2
12,02,4,19.0,17.0,88.0,7.2
12,04,4,19.0,17.0,88.0,7.2
12,06,4,19.0,17.0,88.0,7.2
12,08,4,19.0,17.0,88.0,7.2
12,10,4,19.0,17.0,88.0,7.2
12,12,4,19.0,17.0,88.0,7.2
12,14,4,19.0,17.0,88.0,7.2
12,16,4,19.0,17.0,88.0,7.2
12,18,4,19.0,17.0,88.0,7.2
12,20,4,19.0,17.0,88.0,7.2
12,22,4,19.0,17.0,88.0,7.2
12,24,4,19.0,17.0,88.0,7.2
12,26,4,19.0,17.0,88.0,7.2
12,28,4,19.0,17.0,88.0,7.2
12,30,4,19.0,17.0,88.0,7.2
12,32,4,19.0,17.0,88.0,7.2
12,34,4,19.0,17.0,88.0,7.2
12,36,4,19.0,17.0,88.0,7.2
12,38,4,19.0,17.0,88.0,7.2
12,40,4,19.0,17.0,88.0,7.2
12,42,4,19.0,17.0,88.0,7.2
12,44,4,19.0,17.0,88.0,7.2
12,46,4,19.0,17.0,88.0,7.2
12,48,4,19.0,17.0,88.0,7.2
12,50,4,19.0,17.0,88.0,7.2
12,52,4,19.0,17.0,88.0,7.2
12,54,4,19.0,17.0,88.0,7.2
12,56,4,19.0,17.0,88.0,7.2
12,58,4,19.0,17.0,88.0,7.2
12,00,5,28.0,13.1,40.0,0.0
12,02,5,28.0,13.1,40.0,0.0
12,04,5,28.0,13.1,40.0,0.0
12,06,5,28.0,13.1,40.0,0.0
12,08,5,28.0,13.1,40.0,0.0
12,10,5,28.0,13.1,40.0,0.0
12,12,5,28.0,13.1,40.0,0.0
12,14,5,28.0,13.1,40.0,0.0
12,16,5,28.0,13.1,40.0,0.0
12,18,5,28.0,13.1,40.0,0.0
12,20,5,28.0,13.1,40.0,0.0
12,22,5,28.0,13.1,40.0,0.0
12,24,5,28.0,13.1,40.0,0.0
12,26,5,28.0,13.1,40.0,0.0
12,28,5,28.0,13.1,40.0,0.0
12,30,5,28.0,13.1,40.0,0.0
12,32,5,28.0,13.1,40.0,0.0
12,34,5,28.0,13.1,40.0,0.0
12,36,5,28.0,13.1,40.0,0.0
12,38,5,28.0,13.1,40.0,0.0
12,40,5,28.0,13.1,40.0,0.0
12,42,5,28.0,13.1,40.0,0.0
12,44,5,28.0,13.1,40.0,0.0
12,46,5,28.0,13.1,40.0,0.0
12,48,5,28.0,13.1,40.0,0.0
12,50,5,28.0,13.1,40.0,0.0
12,52,5,28.0,13.1,40.0,0.0
12,54,5,28.0,13.1,40.0,0.0
12,56,5,28.0,13.1,40.0,0.0
12,58,5,28.0,13.1,40.0,0.0
12,00,5,28.0,13.1,40.0,0.0
12,02,5,28.0,13.1,40.0,0.0
12,04,5,28.0,13.1,40.0,0.0
12,06,5,28.0,13.1,40.0,0.0
12,08,5,28.0,13.1,40.0,0.0
12,10,5,28.0,13.1,40.0,0.0
12,12,5,28.0,13.1,40.0,0.0
12,14,5,28.0,13.1,40.0,0.0
12,16,5,28.0,13.1,40.0,0.0
12,18,5,28.0,13.1,40.0,0.0
12,20,5,28.0,13.1,40.0,0.0
12,22,5,28.0,13.1,40.0,0.0
12,24,5,28.0,13.1,40.0,0.0
12,26,5,28.0,13.1,40.0,0.0
12,28,5,28.0,13.1,40.0,0.0
12,30,5,28.0,13.1,40.0,0.0
12,32,5,28.0,13.1,40.0,0.0
12,34,5,28.0,13.1,40.0,0.0
12,36,5,28.0,13.1,40.0,0.0
12,38,5,28.0,13.1,40.0,0.0
12,40,5,28.0,13.1,40.0,0.0
12,42,5,28.0,13.1,40.0,0.0
12,44,5,28.0,13.1,40.0,0.0
12,46,5,28.0,13.1,40.0,0.0
12,48,5,28.0,13.1,40.0,0.0
12,50,5,28.0,13.1,40.0,0.0
12,52,5,28.0,13.1,40.0,0.0
12,54,5,28.0,13.1,40.0,0.0
12,56,5,28.0,13.1,40.0,0.0
12,58,5,28.0,13.1,40.0,0.0
12,00,6,24.0,17.0,65.0,10.8
12,02,6,24.0,17.0,65.0,10.8
12,04,6,24.0,17.0,65.0,10.8
12,06,6,24.0,17.0,65.0,10.8
12,08,6,24.0,17.0,65.0,10.8
12,10,6,24.0,17.0,65.0,10.8
12,12,6,24.0,17.0,65.0,10.8
12,14,6,24.0,17.0,65.0,10.8
12,16,6,24.0,17.0,65.0,10.8
12,18,6,24.0,17.0,65.0,10.8
12,20,6,24.0,17.0,65.0,10.8
12,22,6,24.0,17.0,65.0,10.8
12,24,6,24.0,17.0,65.0,10.8
12,26,6,24.0,17.0,65.0,10.8
12,28,6,24.0,17.0,65.0,10.8
12,30,6,24.0,17.0,65.0,10.8
12,32,6,24.0,17.0,65.0,10.8
12,34,6,24.0,17.0,65.0,10.8
12,36,6,24.0,17.0,65.0,10.8
12,38,6,24.0,17.0,65.0,10.8
12,40,6,24.0,17.0,65.0,10.8
12,42,6,24.0,17.0,65.0,10.8
12,44,6,24.0,17.0,65.0,10.8
12,46,6,24.0,17.0,65.0,10.8
12,48,6,24.0,17.0,65.0,10.8
12,50,6,24.0,17.0,65.0,10.8
12,52,6,24.0,17.0,65.0,10.8
12,54,6,24.0,17.0,65.0,10.8
12,56,6,24.0,17.0,65.0,10.8
12,58,6,24.0,17.0,65.0,10.8
12,00,6,24.0,17.0,65.0,10.8
12,02,6,24.0,17.0,65.0,10.8
12,04,6,24.0,17.0,65.0,10.8
12,06,6,24.0,17.0,65.0,10.8
12,08,6,24.0,17.0,65.0,10.8
12,10,6,24.0,17.0,65.0,10.8
12,12,6,24.0,17.0,65.0,10.8
12,14,6,24.0,17.0,65.0,10.8
12,16,6,24.0,17.0,65.0,10.8
12,18,6,24.0,17.0,65.0,10.8
12,20,6,24.0,17.0,65.0,10.8
12,22,6,24.0,17.0,65.0,10.8
12,24,6,24.0,17.0,65.0,10.8
12,26,6,24.0,17.0,65.0,10.8
12,28,6,24.0,17.0,65.0,10.8
12,30,6,24.0,17.0,65.0,10.8
12,32,6,24.0,17.0,65.0,10.8
12,34,6,24.0,17.0,65.0,10.8
12,36,6,24.0,17.0,65.0,10.8
12,38,6,24.0,17.0,65.0,10.8
12,40,6,24.0,17.0,65.0,10.8
12,42,6,24.0,17.0,65.0,10.8
12,44,6,24.0,17.0,65.0,10.8
12,46,6,24.0,17.0,65.0,10.8
12,48,6,24.0,17.0,65.0,10.8
12,50,6,24.0,17.0,65.0,10.8
12,52,6,24.0,17.0,65.0,10.8
12,54,6,24.0,17.0,65.0,10.8
12,56,6,24.0,17.0,65.0,10.8
12,58,6,24.0,17.0,65.0,10.8
12,00,0,25.0,18.0,65.0,3.6
12,02,0,25.0,18.0,65.0,3.6
12,04,0,25.0,18.0,65.0,3.6
12,06,0,25.0,18.0,65.0,3.6
12,08,0,25.0,18.0,65.0,3.6
12,10,0,25.0,18.0,65.0,3.6
12,12,0,25.0,18.0,65.0,3.6
12,14,0,25.0,18.0,65.0,3.6
12,16,0,25.0,18.0,65.0,3.6
12,18,0,25.0,18.0,65.0,3.6
12,20,0,25.0,18.0,65.0,3.6
12,22,0,25.0,18.0,65.0,3.6
12,24,0,25.0,18.0,65.0,3.6
12,26,0,25.0,18.0,65.0,3.6
12,28,0,25.0,18.0,65.0,3.6
12,30,0,25.0,18.0,65.0,3.6
12,32,0,25.0,18.0,65.0,3.6
12,34,0,25.0,18.0,65.0,3.6
12,36,0,25.0,18.0,65.0,3.6
12,38,0,25.0,18.0,65.0,3.6
12,40,0,25.0,18.0,65.0,3.6
12,42,0,25.0,18.0,65.0,3.6
12,44,0,25.0,18.0,65.0,3.6
12,46,0,25.0,18.0,65.0,3.6
12,48,0,25.0,18.0,65.0,3.6
12,50,0,25.0,18.0,65.0,3.6
12,52,0,25.0,18.0,65.0,3.6
12,54,0,25.0,18.0,65.0,3.6
12,56,0,25.0,18.0,65.0,3.6
12,58,0,25.0,18.0,65.0,3.6
12,00,0,25.0,18.0,65.0,3.6
12,02,0,25.0,18.0,65.0,3.6
12,04,0,25.0,18.0,65.0,3.6
12,06,0,25.0,18.0,65.0,3.6
12,08,0,25.0,18.0,65.0,3.6
12,10,0,25.0,18.0,65.0,3.6
12,12,0,25.0,18.0,65.0,3.6
12,14,0,25.0,18.0,65.0,3.6
12,16,0,25.0,18.0,65.0,3.6
12,18,0,25.0,18.0,65.0,3.6
12,20,0,25.0,18.0,65.0,3.6
12,22,0,25.0,18.0,65.0,3.6
12,24,0,25.0,18.0,65.0,3.6
12,26,0,25.0,18.0,65.0,3.6
12,28,0,25.0,18.0,65.0,3.6
12,30,0,25.0,18.0,65.0,3.6
12,32,0,25.0,18.0,65.0,3.6
12,34,0,25.0,18.0,65.0,3.6
12,36,0,25.0,18.0,65.0,3.6
12,38,0,25.0,18.0,65.0,3.6
12,40,0,25.0,18.0,65.0,3.6
12,42,0,25.0,18.0,65.0,3.6
12,44,0,25.0,18.0,65.0,3.6
12,46,0,25.0,18.0,65.0,3.6
12,48,0,25.0,18.0,65.0,3.6
12,50,0,25.0,18.0,65.0,3.6
12,52,0,25.0,18.0,65.0,3.6
12,54,0,25.0,18.0,65.0,3.6
12,56,0,25.0,18.0,65.0,3.6
12,58,0,25.0,18.0,65.0,3.6
12,00,1,26.0,20.1,70.0,7.2
12,02,1,26.0,20.1,70.0,7.2
12,04,1,26.0,20.1,70.0,7.2
12,06,1,26.0,20.1,70.0,7.2
12,08,1,26.0,20.1,70.0,7.2
12,10,1,26.0,20.1,70.0,7.2
12,12,1,26.0,20.1,70.0,7.2
12,14,1,26.0,20.1,70.0,7.2
12,16,1,26.0,20.1,70.0,7.2
12,18,1,26.0,20.1,70.0,7.2
12,20,1,26.0,20.1,70.0,7.2
12,22,1,26.0,20.1,70.0,7.2
12,24,1,26.0,20.1,70.0,7.2
12,26,1,26.0,20.1,70.0,7.2
12,28,1,26.0,20.1,70.0,7.2
12,30,1,26.0,20.1,70.0,7.2
12,32,1,26.0,20.1,70.0,7.2
12,34,1,26.0,20.1,70.0,7.2
12,36,1,26.0,20.1,70.0,7.2
12,38,1,26.0,20.1,70.0,7.2
12,40,1,26.0,20.1,70.0,7.2
12,42,1,26.0,20.1,70.0,7.2
12,44,1,26.0,20.1,70.0,7.2
12,46,1,26.0,20.1,70.0,7.2
12,48,1,26.0,20.1,70.0,7.2
12,50,1,26.0,20.1,70.0,7.2
12,52,1,26.0,20.1,70.0,7.2
12,54,1,26.0,20.1,70.0,7.2
12,56,1,26.0,20.1,70.0,7.2
12,58,1,26.0,20.1,70.0,7.2
12,00,1,26.0,20.1,70.0,7.2
12,02,1,26.0,20.1,70.0,7.2
12,04,1,26.0,20.1,70.0,7.2
12,06,1,26.0,20.1,70.0,7.2
12,08,1,26.0,20.1,70.0,7.2
12,10,1,26.0,20.1,70.0,7.2
12,12,1,26.0,20.1,70.0,7.2
12,14,1,26.0,20.1,70.0,7.2
12,16,1,26.0,20.1,70.0,7.2
12,18,1,26.0,20.1,70.0,7.2
12,20,1,26.0,20.1,70.0,7.2
12,22,1,26.0,20.1,70.0,7.2
12,24,1,26.0,20.1,70.0,7.2
12,26,1,26.0,20.1,70.0,7.2
12,28,1,26.0,20.1,70.0,7.2
12,30,1,26.0,20.1,70.0,7.2
12,32,1,26.0,20.1,70.0,7.2
12,34,1,26.0,20.1,70.0,7.2
12,36,1,26.0,20.1,70.0,7.2
12,38,1,26.0,20.1,70.0,7.2
12,40,1,26.0,20.1,70.0,7.2
12,42,1,26.0,20.1,70.0,7.2
12,44,1,26.0,20.1,70.0,7.2
12,46,1,26.0,20.1,70.0,7.2
12,48,1,26.0,20.1,70.0,7.2
12,50,1,26.0,20.1,70.0,7.2
12,52,1,26.0,20.1,70.0,7.2
12,54,1,26.0,20.1,70.0,7.2
12,56,1,26.0,20.1,70.0,7.2
12,58,1,26.0,20.1,70.0,7.2
12,00,2,30.0,19.1,52.0,0.0
12,02,2,30.0,19.1,52.0,0.0
12,04,2,30.0,19.1,52.0,0.0
12,06,2,30.0,19.1,52.0,0.0
12,08,2,30.0,19.1,52.0,0.0
12,10,2,30.0,19.1,52.0,0.0
12,12,2,30.0,19.1,52.0,0.0
12,14,2,30.0,19.1,52.0,0.0
12,16,2,30.0,19.1,52.0,0.0
12,18,2,30.0,19.1,52.0,0.0
12,20,2,30.0,19.1,52.0,0.0
12,22,2,30.0,19.1,52.0,0.0
12,24,2,30.0,19.1,52.0,0.0
12,26,2,30.0,19.1,52.0,0.0
12,28,2,30.0,19.1,52.0,0.0
12,30,2,30.0,19.1,52.0,0.0
12,32,2,30.0,19.1,52.0,0.0
12,34,2,30.0,19.1,52.0,0.0
12,36,2,30.0,19.1,52.0,0.0
12,38,2,30.0,19.1,52.0,0.0
12,40,2,30.0,19.1,52.0,0.0
12,42,2,30.0,19.1,52.0,0.0
12,44,2,30.0,19.1,52.0,0.0
12,46,2,30.0,19.1,52.0,0.0
12,48,2,30.0,19.1,52.0,0.0
12,50,2,30.0,19.1,52.0,0.0
12,52,2,30.0,19.1,52.0,0.0
12,54,2,30.0,19.1,52.0,0.0
12,56,2,30.0,19.1,52.0,0.0
12,58,2,30.0,19.1,52.0,0.0
12,00,2,30.0,19.1,52.0,0.0
12,02,2,30.0,19.1,52.0,0.0
12,04,2,30.0,19.1,52.0,0.0
12,06,2,30.0,19.1,52.0,0.0
12,08,2,30.0,19.1,52.0,0.0
12,10,2,30.0,19.1,52.0,0.0
12,12,2,30.0,19.1,52.0,0.0
12,14,2,30.0,19.1,52.0,0.0
12,16,2,30.0,19.1,52.0,0.0
12,18,2,30.0,19.1,52.0,0.0
12,20,2,30.0,19.1,52.0,0.0
12,22,2,30.0,19.1,52.0,0.0
12,24,2,30.0,19.1,52.0,0.0
12,26,2,30.0,19.1,52.0,0.0
12,28,2,30.0,19.1,52.0,0.0
12,30,2,30.0,19.1,52.0,0.0
12,32,2,30.0,19.1,52.0,0.0
12,34,2,30.0,19.1,52.0,0.0
12,36,2,30.0,19.1,52.0,0.0
12,38,2,30.0,19.1,52.0,0.0
12,40,2,30.0,19.1,52.0,0.0
12,42,2,30.0,19.1,52.0,0.0
12,44,2,30.0,19.1,52.0,0.0
12,46,2,30.0,19.1,52.0,0.0
12,48,2,30.0,19.1,52.0,0.0
12,50,2,30.0,19.1,52.0,0.0
12,52,2,30.0,19.1,52.0,0.0
12,54,2,30.0,19.1,52.0,0.0
12,56,2,30.0,19.1,52.0,0.0
12,58,2,30.0,19.1,52.0,0.0
12,00,3,29.0,18.2,52.0,7.2
12,02,3,29.0,18.2,52.0,7.2
12,04,3,29.0,18.2,52.0,7.2
12,06,3,29.0,18.2,52.0,7.2
12,08,3,29.0,18.2,52.0,7.2
12,10,3,29.0,18.2,52.0,7.2
12,12,3,29.0,18.2,52.0,7.2
12,14,3,29.0,18.2,52.0,7.2
12,16,3,29.0,18.2,52.0,7.2
12,18,3,29.0,18.2,52.0,7.2
12,20,3,29.0,18.2,52.0,7.2
12,22,3,29.0,18.2,52.0,7.2
12,24,3,29.0,18.2,52.0,7.2
12,26,3,29.0,18.2,52.0,7.2
12,28,3,29.0,18.2,52.0,7.2
12,30,3,29.0,18.2,52.0,7.2
12,32,3,29.0,18.2,52.0,7.2
12,34,3,29.0,18.2,52.0,7.2
12,36,3,29.0,18.2,52.0,7.2
12,38,3,29.0,18.2,52.0,7.2
12,40,3,29.0,18.2,52.0,7.2
12,42,3,29.0,18.2,52.0,7.2
12,44,3,29.0,18.2,52.0,7.2
12,46,3,29.0,18.2,52.0,7.2
12,48,3,29.0,18.2,52.0,7.2
12,50,3,29.0,18.2,52.0,7.2
12,52,3,29.0,18.2,52.0,7.2
12,54,3,29.0,18.2,52.0,7.2
12,56,3,29.0,18.2,52.0,7.2
12,58,3,29.0,18.2,52.0,7.2
12,00,3,29.0,18.2,52.0,7.2
12,02,3,29.0,18.2,52.0,7.2
12,04,3,29.0,18.2,52.0,7.2
12,06,3,29.0,18.2,52.0,7.2
12,08,3,29.0,18.2,52.0,7.2
12,10,3,29.0,18.2,52.0,7.2
12,12,3,29.0,18.2,52.0,7.2
12,14,3,29.0,18.2,52.0,7.2
12,16,3,29.0,18.2,52.0,7.2
12,18,3,29.0,18.2,52.0,7.2
12,20,3,29.0,18.2,52.0,7.2
12,22,3,29.0,18.2,52.0,7.2
12,24,3,29.0,18.2,52.0,7.2
12,26,3,29.0,18.2,52.0,7.2
12,28,3,29.0,18.2,52.0,7.2
12,30,3,29.0,18.2,52.0,7.2
12,32,3,29.0,18.2,52.0,7.2
12,34,3,29.0,18.2,52.0,7.2
12,36,3,29.0,18.2,52.0,7.2
12,38,3,29.0,18.2,52.0,7.2
12,40,3,29.0,18.2,52.0,7.2
12,42,3,29.0,18.2,52.0,7.2
12,44,3,29.0,18.2,52.0,7.2
12,46,3,29.0,18.2,52.0,7.2
12,48,3,29.0,18.2,52.0,7.2
12,50,3,29.0,18.2,52.0,7.2
12,52,3,29.0,18.2,52.0,7.2
12,54,3,29.0,18.2,52.0,7.2
12,56,3,29.0,18.2,52.0,7.2
12,58,3,29.0,18.2,52.0,7.2
12,00,4,24.0,19.9,78.0,3.6
12,02,4,24.0,19.9,78.0,3.6
12,04,4,24.0,19.9,78.0,3.6
12,06,4,24.0,19.9,78.0,3.6
12,08,4,24.0,19.9,78.0,3.6
12,10,4,24.0,19.9,78.0,3.6
12,12,4,24.0,19.9,78.0,3.6
12,14,4,24.0,19.9,78.0,3.6
12,16,4,24.0,19.9,78.0,3.6
12,18,4,24.0,19.9,78.0,3.6
12,20,4,24.0,19.9,78.0,3.6
12,22,4,24.0,19.9,78.0,3.6
12,24,4,24.0,19.9,78.0,3.6
12,26,4,24.0,19.9,78.0,3.6
12,28,4,24.0,19.9,78.0,3.6
12,30,4,24.0,19.9,78.0,3.6
12,32,4,24.0,19.9,78.0,3.6
12,34,4,24.0,19.9,78.0,3.6
12,36,4,24.0,19.9,78.0,3.6
12,38,4,24.0,19.9,78.0,3.6
12,40,4,24.0,19.9,78.0,3.6
12,42,4,24.0,19.9,78.0,3.6
12,44,4,24.0,19.9,78.0,3.6
12,46,4,24.0,19.9,78.0,3.6
12,48,4,24.0,19.9,78.0,3.6
12,50,4,24.0,19.9,78.0,3.6
12,52,4,24.0,19.9,78.0,3.6
12,54,4,24.0,19.9,78.0,3.6
12,56,4,24.0,19.9,78.0,3.6
12,58,4,24.0,19.9,78.0,3.6
12,00,4,24.0,19.9,78.0,3.6
12,02,4,24.0,19.9,78.0,3.6
12,04,4,24.0,19.9,78.0,3.6
12,06,4,24.0,19.9,78.0,3.6
12,08,4,24.0,19.9,78.0,3.6
12,10,4,24.0,19.9,78.0,3.6
12,12,4,24.0,19.9,78.0,3.6
12,14,4,24.0,19.9,78.0,3.6
12,16,4,24.0,19.9,78.0,3.6
12,18,4,24.0,19.9,78.0,3.6
12,20,4,24.0,19.9,78.0,3.6
12,22,4,24.0,19.9,78.0,3.6
12,24,4,24.0,19.9,78.0,3.6
12,26,4,24.0,19.9,78.0,3.6
12,28,4,24.0,19.9,78.0,3.6
12,30,4,24.0,19.9,78.0,3.6
12,32,4,24.0,19.9,78.0,3.6
12,34,4,24.0,19.9,78.0,3.6
12,36,4,24.0,19.9,78.0,3.6
12,38,4,24.0,19.9,78.0,3.6
12,40,4,24.0,19.9,78.0,3.6
12,42,4,24.0,19.9,78.0,3.6
12,44,4,24.0,19.9,78.0,3.6
12,46,4,24.0,19.9,78.0,3.6
12,48,4,24.0,19.9,78.0,3.6
12,50,4,24.0,19.9,78.0,3.6
12,52,4,24.0,19.9,78.0,3.6
12,54,4,24.0,19.9,78.0,3.6
12,56,4,24.0,19.9,78.0,3.6
12,58,4,24.0,19.9,78.0,3.6
12,00,5,23.0,20.0,83.0,18.0
12,02,5,23.0,20.0,83.0,18.0
12,04,5,23.0,20.0,83.0,18.0
12,06,5,23.0,20.0,83.0,18.0
12,08,5,23.0,20.0,83.0,18.0
12,10,5,23.0,20.0,83.0,18.0
12,12,5,23.0,20.0,83.0,18.0
12,14,5,23.0,20.0,83.0,18.0
12,16,5,23.0,20.0,83.0,18.0
12,18,5,23.0,20.0,83.0,18.0
12,20,5,23.0,20.0,83.0,18.0
12,22,5,23.0,20.0,83.0,18.0
12,24,5,23.0,20.0,83.0,18.0
12,26,5,23.0,20.0,83.0,18.0
12,28,5,23.0,20.0,83.0,18.0
12,30,5,23.0,20.0,83.0,18.0
12,32,5,23.0,20.0,83.0,18.0
12,34,5,23.0,20.0,83.0,18.0
12,36,5,23.0,20.0,83.0,18.0
12,38,5,23.0,20.0,83.0,18.0
12,40,5,23.0,20.0,83.0,18.0
12,42,5,23.0,20.0,83.0,18.0
12,44,5,23.0,20.0,83.0,18.0
12,46,5,23.0,20.0,83.0,18.0
12,48,5,23.0,20.0,83.0,18.0
12,50,5,23.0,20.0,83.0,18.0
12,52,5,23.0,20.0,83.0,18.0
12,54,5,23.0,20.0,83.0,18.0
12,56,5,23.0,20.0,83.0,18.0
12,58,5,23.0,20.0,83.0,18.0
12,00,5,23.0,20.0,83.0,18.0
12,02,5,23.0,20.0,83.0,18.0
12,04,5,23.0,20.0,83.0,18.0
12,06,5,23.0,20.0,83.0,18.0
12,08,5,23.0,20.0,83.0,18.0
12,10,5,23.0,20.0,83.0,18.0
12,12,5,23.0,20.0,83.0,18.0
12,14,5,23.0,20.0,83.0,18.0
12,16,5,23.0,20.0,83.0,18.0
12,18,5,23.0,20.0,83.0,18.0
12,20,5,23.0,20.0,83.0,18.0
12,22,5,23.0,20.0,83.0,18.0
12,24,5,23.0,20.0,83.0,18.0
12,26,5,23.0,20.0,83.0,18.0
12,28,5,23.0,20.0,83.0,18.0
12,30,5,23.0,20.0,83.0,18.0
12,32,5,23.0,20.0,83.0,18.0
12,34,5,23.0,20.0,83.0,18.0
12,36,5,23.0,20.0,83.0,18.0
12,38,5,23.0,20.0,83.0,18.0
12,40,5,23.0,20.0,83.0,18.0
12,42,5,23.0,20.0,83.0,18.0
12,44,5,23.0,20.0,83.0,18.0
12,46,5,23.0,20.0,83.0,18.0
12,48,5,23.0,20.0,83.0,18.0
12,50,5,23.0,20.0,83.0,18.0
12,52,5,23.0,20.0,83.0,18.0
12,54,5,23.0,20.0,83.0,18.0
12,56,5,23.0,20.0,83.0,18.0
12,58,5,23.0,20.0,83.0,18.0
12,00,6,27.0,19.1,62.0,3.6
12,02,6,27.0,19.1,62.0,3.6
12,04,6,27.0,19.1,62.0,3.6
12,06,6,27.0,19.1,62.0,3.6
12,08,6,27.0,19.1,62.0,3.6
12,10,6,27.0,19.1,62.0,3.6
12,12,6,27.0,19.1,62.0,3.6
12,14,6,27.0,19.1,62.0,3.6
12,16,6,27.0,19.1,62.0,3.6
12,18,6,27.0,19.1,62.0,3.6
12,20,6,27.0,19.1,62.0,3.6
12,22,6,27.0,19.1,62.0,3.6
12,24,6,27.0,19.1,62.0,3.6
12,26,6,27.0,19.1,62.0,3.6
12,28,6,27.0,19.1,62.0,3.6
12,30,6,27.0,19.1,62.0,3.6
12,32,6,27.0,19.1,62.0,3.6
12,34,6,27.0,19.1,62.0,3.6
12,36,6,27.0,19.1,62.0,3.6
12,38,6,27.0,19.1,62.0,3.6
12,40,6,27.0,19.1,62.0,3.6
12,42,6,27.0,19.1,62.0,3.6
12,44,6,27.0,19.1,62.0,3.6
12,46,6,27.0,19.1,62.0,3.6
12,48,6,27.0,19.1,62.0,3.6
12,50,6,27.0,19.1,62.0,3.6
12,52,6,27.0,19.1,62.0,3.6
12,54,6,27.0,19.1,62.0,3.6
12,56,6,27.0,19.1,62.0,3.6
12,58,6,27.0,19.1,62.0,3.6
12,00,6,27.0,19.1,62.0,3.6
12,02,6,27.0,19.1,62.0,3.6
12,04,6,27.0,19.1,62.0,3.6
12,06,6,27.0,19.1,62.0,3.6
12,08,6,27.0,19.1,62.0,3.6
12,10,6,27.0,19.1,62.0,3.6
12,12,6,27.0,19.1,62.0,3.6
12,14,6,27.0,19.1,62.0,3.6
12,16,6,27.0,19.1,62.0,3.6
12,18,6,27.0,19.1,62.0,3.6
12,20,6,27.0,19.1,62.0,3.6
12,22,6,27.0,19.1,62.0,3.6
12,24,6,27.0,19.1,62.0,3.6
12,26,6,27.0,19.1,62.0,3.6
12,28,6,27.0,19.1,62.0,3.6
12,30,6,27.0,19.1,62.0,3.6
12,32,6,27.0,19.1,62.0,3.6
12,34,6,27.0,19.1,62.0,3.6
12,36,6,27.0,19.1,62.0,3.6
12,38,6,27.0,19.1,62.0,3.6
12,40,6,27.0,19.1,62.0,3.6
12,42,6,27.0,19.1,62.0,3.6
12,44,6,27.0,19.1,62.0,3.6
12,46,6,27.0,19.1,62.0,3.6
12,48,6,27.0,19.1,62.0,3.6
12,50,6,27.0,19.1,62.0,3.6
12,52,6,27.0,19.1,62.0,3.6
12,54,6,27.0,19.1,62.0,3.6
12,56,6,27.0,19.1,62.0,3.6
12,58,6,27.0,19.1,62.0,3.6
12,00,0,24.0,19.9,78.0,10.8
12,02,0,24.0,19.9,78.0,10.8
12,04,0,24.0,19.9,78.0,10.8
12,06,0,24.0,19.9,78.0,10.8
12,08,0,24.0,19.9,78.0,10.8
12,10,0,24.0,19.9,78.0,10.8
12,12,0,24.0,19.9,78.0,10.8
12,14,0,24.0,19.9,78.0,10.8
12,16,0,24.0,19.9,78.0,10.8
12,18,0,24.0,19.9,78.0,10.8
12,20,0,24.0,19.9,78.0,10.8
12,22,0,24.0,19.9,78.0,10.8
12,24,0,24.0,19.9,78.0,10.8
12,26,0,24.0,19.9,78.0,10.8
12,28,0,24.0,19.9,78.0,10.8
12,30,0,24.0,19.9,78.0,10.8
12,32,0,24.0,19.9,78.0,10.8
12,34,0,24.0,19.9,78.0,10.8
12,36,0,24.0,19.9,78.0,10.8
12,38,0,24.0,19.9,78.0,10.8
12,40,0,24.0,19.9,78.0,10.8
12,42,0,24.0,19.9,78.0,10.8
12,44,0,24.0,19.9,78.0,10.8
12,46,0,24.0,19.9,78.0,10.8
12,48,0,24.0,19.9,78.0,10.8
12,50,0,24.0,19.9,78.0,10.8
12,52,0,24.0,19.9,78.0,10.8
12,54,0,24.0,19.9,78.0,10.8
12,56,0,24.0,19.9,78.0,10.8
12,58,0,24.0,19.9,78.0,10.8
12,00,0,24.0,19.9,78.0,10.8
12,02,0,24.0,19.9,78.0,10.8
12,04,0,24.0,19.9,78.0,10.8
12,06,0,24.0,19.9,78.0,10.8
12,08,0,24.0,19.9,78.0,10.8
12,10,0,24.0,19.9,78.0,10.8
12,12,0,24.0,19.9,78.0,10.8
12,14,0,24.0,19.9,78.0,10.8
12,16,0,24.0,19.9,78.0,10.8
12,18,0,24.0,19.9,78.0,10.8
12,20,0,24.0,19.9,78.0,10.8
12,22,0,24.0,19.9,78.0,10.8
12,24,0,24.0,19.9,78.0,10.8
12,26,0,24.0,19.9,78.0,10.8
12,28,0,24.0,19.9,78.0,10.8
12,30,0,24.0,19.9,78.0,10.8
12,32,0,24.0,19.9,78.0,10.8
12,34,0,24.0,19.9,78.0,10.8
12,36,0,24.0,19.9,78.0,10.8
12,38,0,24.0,19.9,78.0,10.8
12,40,0,24.0,19.9,78.0,10.8
12,42,0,24.0,19.9,78.0,10.8
12,44,0,24.0,19.9,78.0,10.8
12,46,0,24.0,19.9,78.0,10.8
12,48,0,24.0,19.9,78.0,10.8
12,50,0,24.0,19.9,78.0,10.8
12,52,0,24.0,19.9,78.0,10.8
12,54,0,24.0,19.9,78.0,10.8
12,56,0,24.0,19.9,78.0,10.8
12,58,0,24.0,19.9,78.0,10.8
12,00,1,26.0,21.0,74.0,14.4
12,02,1,26.0,21.0,74.0,14.4
12,04,1,26.0,21.0,74.0,14.4
12,06,1,26.0,21.0,74.0,14.4
12,08,1,26.0,21.0,74.0,14.4
12,10,1,26.0,21.0,74.0,14.4
12,12,1,26.0,21.0,74.0,14.4
12,14,1,26.0,21.0,74.0,14.4
12,16,1,26.0,21.0,74.0,14.4
12,18,1,26.0,21.0,74.0,14.4
12,20,1,26.0,21.0,74.0,14.4
12,22,1,26.0,21.0,74.0,14.4
12,24,1,26.0,21.0,74.0,14.4
12,26,1,26.0,21.0,74.0,14.4
12,28,1,26.0,21.0,74.0,14.4
12,30,1,26.0,21.0,74.0,14.4
12,32,1,26.0,21.0,74.0,14.4
12,34,1,26.0,21.0,74.0,14.4
12,36,1,26.0,21.0,74.0,14.4
12,38,1,26.0,21.0,74.0,14.4
12,40,1,26.0,21.0,74.0,14.4
12,42,1,26.0,21.0,74.0,14.4
12,44,1,26.0,21.0,74.0,14.4
12,46,1,26.0,21.0,74.0,14.4
12,48,1,26.0,21.0,74.0,14.4
12,50,1,26.0,21.0,74.0,14.4
12,52,1,26.0,21.0,74.0,14.4
12,54,1,26.0,21.0,74.0,14.4
12,56,1,26.0,21.0,74.0,14.4
12,58,1,26.0,21.0,74.0,14.4
12,00,1,26.0,21.0,74.0,14.4
12,02,1,26.0,21.0,74.0,14.4
12,04,1,26.0,21.0,74.0,14.4
12,06,1,26.0,21.0,74.0,14.4
12,08,1,26.0,21.0,74.0,14.4
12,10,1,26.0,21.0,74.0,14.4
12,12,1,26.0,21.0,74.0,14.4
12,14,1,26.0,21.0,74.0,14.4
12,16,1,26.0,21.0,74.0,14.4
12,18,1,26.0,21.0,74.0,14.4
12,20,1,26.0,21.0,74.0,14.4
12,22,1,26.0,21.0,74.0,14.4
12,24,1,26.0,21.0,74.0,14.4
12,26,1,26.0,21.0,74.0,14.4
12,28,1,26.0,21.0,74.0,14.4
12,30,1,26.0,21.0,74.0,14.4
12,32,1,26.0,21.0,74.0,14.4
12,34,1,26.0,21.0,74.0,14.4
12,36,1,26.0,21.0,74.0,14.4
12,38,1,26.0,21.0,74.0,14.4
12,40,1,26.0,21.0,74.0,14.4
12,42,1,26.0,21.0,74.0,14.4
12,44,1,26.0,21.0,74.0,14.4
12,46,1,26.0,21.0,74.0,14.4
12,48,1,26.0,21.0,74.0,14.4
12,50,1,26.0,21.0,74.0,14.4
12,52,1,26.0,21.0,74.0,14.4
12,54,1,26.0,21.0,74.0,14.4
12,56,1,26.0,21.0,74.0,14.4
12,58,1,26.0,21.0,74.0,14.4
12,00,2,28.0,20.0,62.0,10.8
12,02,2,28.0,20.0,62.0,10.8
12,04,2,28.0,20.0,62.0,10.8
12,06,2,28.0,20.0,62.0,10.8
12,08,2,28.0,20.0,62.0,10.8
12,10,2,28.0,20.0,62.0,10.8
12,12,2,28.0,20.0,62.0,10.8
12,14,2,28.0,20.0,62.0,10.8
12,16,2,28.0,20.0,62.0,10.8
12,18,2,28.0,20.0,62.0,10.8
12,20,2,28.0,20.0,62.0,10.8
12,22,2,28.0,20.0,62.0,10.8
12,24,2,28.0,20.0,62.0,10.8
12,26,2,28.0,20.0,62.0,10.8
12,28,2,28.0,20.0,62.0,10.8
12,30,2,28.0,20.0,62.0,10.8
12,32,2,28.0,20.0,62.0,10.8
12,34,2,28.0,20.0,62.0,10.8
12,36,2,28.0,20.0,62.0,10.8
12,38,2,28.0,20.0,62.0,10.8
12,40,2,28.0,20.0,62.0,10.8
12,42,2,28.0,20.0,62.0,10.8
12,44,2,28.0,20.0,62.0,10.8
12,46,2,28.0,20.0,62.0,10.8
12,48,2,28.0,20.0,62.0,10.8
12,50,2,28.0,20.0,62.0,10.8
12,52,2,28.0,20.0,62.0,10.8
12,54,2,28.0,20.0,62.0,10.8
12,56,2,28.0,20.0,62.0,10.8
12,58,2,28.0,20.0,62.0,10.8
12,00,2,28.0,20.0,62.0,10.8
12,02,2,28.0,20.0,62.0,10.8
12,04,2,28.0,20.0,62.0,10.8
12,06,2,28.0,20.0,62.0,10.8
12,08,2,28.0,20.0,62.0,10.8
12,10,2,28.0,20.0,62.0,10.8
12,12,2,28.0,20.0,62.0,10.8
12,14,2,28.0,20.0,62.0,10.8
12,16,2,28.0,20.0,62.0,10.8
12,18,2,28.0,20.0,62.0,10.8
12,20,2,28.0,20.0,62.0,10.8
12,22,2,28.0,20.0,62.0,10.8
12,24,2,28.0,20.0,62.0,10.8
12,26,2,28.0,20.0,62.0,10.8
12,28,2,28.0,20.0,62.0,10.8
12,30,2,28.0,20.0,62.0,10.8
12,32,2,28.0,20.0,62.0,10.8
12,34,2,28.0,20.0,62.0,10.8
12,36,2,28.0,20.0,62.0,10.8
12,38,2,28.0,20.0,62.0,10.8
12,40,2,28.0,20.0,62.0,10.8
12,42,2,28.0,20.0,62.0,10.8
12,44,2,28.0,20.0,62.0,10.8
12,46,2,28.0,20.0,62.0,10.8
12,48,2,28.0,20.0,62.0,10.8
12,50,2,28.0,20.0,62.0,10.8
12,52,2,28.0,20.0,62.0,10.8
12,54,2,28.0,20.0,62.0,10.8
12,56,2,28.0,20.0,62.0,10.8
12,58,2,28.0,20.0,62.0,10.8
12,00,3,30.0,21.1,59.0,10.8
12,02,3,30.0,21.1,59.0,10.8
12,04,3,30.0,21.1,59.0,10.8
12,06,3,30.0,21.1,59.0,10.8
12,08,3,30.0,21.1,59.0,10.8
12,10,3,30.0,21.1,59.0,10.8
12,12,3,30.0,21.1,59.0,10.8
12,14,3,30.0,21.1,59.0,10.8
12,16,3,30.0,21.1,59.0,10.8
12,18,3,30.0,21.1,59.0,10.8
12,20,3,30.0,21.1,59.0,10.8
12,22,3,30.0,21.1,59.0,10.8
12,24,3,30.0,21.1,59.0,10.8
12,26,3,30.0,21.1,59.0,10.8
12,28,3,30.0,21.1,59.0,10.8
12,30,3,30.0,21.1,59.0,10.8
12,32,3,30.0,21.1,59.0,10.8
12,34,3,30.0,21.1,59.0,10.8
12,36,3,30.0,21.1,59.0,10.8
12,38,3,30.0,21.1,59.0,10.8
12,40,3,30.0,21.1,59.0,10.8
12,42,3,30.0,21.1,59.0,10.8
12,44,3,30.0,21.1,59.0,10.8
12,46,3,30.0,21.1,59.0,10.8
12,48,3,30.0,21.1,59.0,10.8
12,50,3,30.0,21.1,59.0,10.8
12,52,3,30.0,21.1,59.0,10.8
12,54,3,30.0,21.1,59.0,10.8
12,56,3,30.0,21.1,59.0,10.8
12,58,3,30.0,21.1,59.0,10.8
12,00,3,30.0,21.1,59.0,10.8
12,02,3,30.0,21.1,59.0,10.8
12,04,3,30.0,21.1,59.0,10.8
12,06,3,30.0,21.1,59.0,10.8
12,08,3,30.0,21.1,59.0,10.8
12,10,3,30.0,21.1,59.0,10.8
12,12,3,30.0,21.1,59.0,10.8
12,14,3,30.0,21.1,59.0,10.8
12,16,3,30.0,21.1,59.0,10.8
12,18,3,30.0,21.1,59.0,10.8
12,20,3,30.0,21.1,59.0,10.8
12,22,3,30.0,21.1,59.0,10.8
12,24,3,30.0,21.1,59.0,10.8
12,26,3,30.0,21.1,59.0,10.8
12,28,3,30.0,21.1,59.0,10.8
12,30,3,30.0,21.1,59.0,10.8
12,32,3,30.0,21.1,59.0,10.8
12,34,3,30.0,21.1,59.0,10.8
12,36,3,30.0,21.1,59.0,10.8
12,38,3,30.0,21.1,59.0,10.8
12,40,3,30.0,21.1,59.0,10.8
12,42,3,30.0,21.1,59.0,10.8
12,44,3,30.0,21.1,59.0,10.8
12,46,3,30.0,21.1,59.0,10.8
12,48,3,30.0,21.1,59.0,10.8
12,50,3,30.0,21.1,59.0,10.8
12,52,3,30.0,21.1,59.0,10.8
12,54,3,30.0,21.1,59.0,10.8
12,56,3,30.0,21.1,59.0,10.8
12,58,3,30.0,21.1,59.0,10.8
12,00,4,30.0,21.9,62.0,10.8
12,02,4,30.0,21.9,62.0,10.8
12,04,4,30.0,21.9,62.0,10.8
12,06,4,30.0,21.9,62.0,10.8
12,08,4,30.0,21.9,62.0,10.8
12,10,4,30.0,21.9,62.0,10.8
12,12,4,30.0,21.9,62.0,10.8
12,14,4,30.0,21.9,62.0,10.8
12,16,4,30.0,21.9,62.0,10.8
12,18,4,30.0,21.9,62.0,10.8
12,20,4,30.0,21.9,62.0,10.8
12,22,4,30.0,21.9,62.0,10.8
12,24,4,30.0,21.9,62.0,10.8
12,26,4,30.0,21.9,62.0,10.8
12,28,4,30.0,21.9,62.0,10.8
12,30,4,30.0,21.9,62.0,10.8
12,32,4,30.0,21.9,62.0,10.8
12,34,4,30.0,21.9,62.0,10.8
12,36,4,30.0,21.9,62.0,10.8
12,38,4,30.0,21.9,62.0,10.8
12,40,4,30.0,21.9,62.0,10.8
12,42,4,30.0,21.9,62.0,10.8
12,44,4,30.0,21.9,62.0,10.8
12,46,4,30.0,21.9,62.0,10.8
12,48,4,30.0,21.9,62.0,10.8
12,50,4,30.0,21.9,62.0,10.8
12,52,4,30.0,21.9,62.0,10.8
12,54,4,30.0,21.9,62.0,10.8
12,56,4,30.0,21.9,62.0,10.8
12,58,4,30.0,21.9,62.0,10.8
12,00,4,30.0,21.9,62.0,10.8
12,02,4,30.0,21.9,62.0,10.8
12,04,4,30.0,21.9,62.0,10.8
12,06,4,30.0,21.9,62.0,10.8
12,08,4,30.0,21.9,62.0,10.8
12,10,4,30.0,21.9,62.0,10.8
12,12,4,30.0,21.9,62.0,10.8
12,14,4,30.0,21.9,62.0,10.8
12,16,4,30.0,21.9,62.0,10.8
12,18,4,30.0,21.9,62.0,10.8
12,20,4,30.0,21.9,62.0,10.8
12,22,4,30.0,21.9,62.0,10.8
12,24,4,30.0,21.9,62.0,10.8
12,26,4,30.0,21.9,62.0,10.8
12,28,4,30.0,21.9,62.0,10.8
12,30,4,30.0,21.9,62.0,10.8
12,32,4,30.0,21.9,62.0,10.8
12,34,4,30.0,21.9,62.0,10.8
12,36,4,30.0,21.9,62.0,10.8
12,38,4,30.0,21.9,62.0,10.8
12,40,4,30.0,21.9,62.0,10.8
12,42,4,30.0,21.9,62.0,10.8
12,44,4,30.0,21.9,62.0,10.8
12,46,4,30.0,21.9,62.0,10.8
12,48,4,30.0,21.9,62.0,10.8
12,50,4,30.0,21.9,62.0,10.8
12,52,4,30.0,21.9,62.0,10.8
12,54,4,30.0,21.9,62.0,10.8
12,56,4,30.0,21.9,62.0,10.8
12,58,4,30.0,21.9,62.0,10.8
12,00,5,28.0,22.9,74.0,14.4
12,02,5,28.0,22.9,74.0,14.4
12,04,5,28.0,22.9,74.0,14.4
12,06,5,28.0,22.9,74.0,14.4
12,08,5,28.0,22.9,74.0,14.4
12,10,5,28.0,22.9,74.0,14.4
12,12,5,28.0,22.9,74.0,14.4
12,14,5,28.0,22.9,74.0,14.4
12,16,5,28.0,22.9,74.0,14.4
12,18,5,28.0,22.9,74.0,14.4
12,20,5,28.0,22.9,74.0,14.4
12,22,5,28.0,22.9,74.0,14.4
12,24,5,28.0,22.9,74.0,14.4
12,26,5,28.0,22.9,74.0,14.4
12,28,5,28.0,22.9,74.0,14.4
12,30,5,28.0,22.9,74.0,14.4
12,32,5,28.0,22.9,74.0,14.4
12,34,5,28.0,22.9,74.0,14.4
12,36,5,28.0,22.9,74.0,14.4
12,38,5,28.0,22.9,74.0,14.4
12,40,5,28.0,22.9,74.0,14.4
12,42,5,28.0,22.9,74.0,14.4
12,44,5,28.0,22.9,74.0,14.4
12,46,5,28.0,22.9,74.0,14.4
12,48,5,28.0,22.9,74.0,14.4
12,50,5,28.0,22.9,74.0,14.4
12,52,5,28.0,22.9,74.0,14.4
12,54,5,28.0,22.9,74.0,14.4
12,56,5,28.0,22.9,74.0,14.4
12,58,5,28.0,22.9,74.0,14.4
12,00,5,28.0,22.9,74.0,14.4
12,02,5,28.0,22.9,74.0,14.4
12,04,5,28.0,22.9,74.0,14.4
12,06,5,28.0,22.9,74.0,14.4
12,08,5,28.0,22.9,74.0,14.4
12,10,5,28.0,22.9,74.0,14.4
12,12,5,28.0,22.9,74.0,14.4
12,14,5,28.0,22.9,74.0,14.4
12,16,5,28.0,22.9,74.0,14.4
12,18,5,28.0,22.9,74.0,14.4
12,20,5,28.0,22.9,74.0,14.4
12,22,5,28.0,22.9,74.0,14.4
12,24,5,28.0,22.9,74.0,14.4
12,26,5,28.0,22.9,74.0,14.4
12,28,5,28.0,22.9,74.0,14.4
12,30,5,28.0,22.9,74.0,14.4
12,32,5,28.0,22.9,74.0,14.4
12,34,5,28.0,22.9,74.0,14.4
12,36,5,28.0,22.9,74.0,14.4
12,38,5,28.0,22.9,74.0,14.4
12,40,5,28.0,22.9,74.0,14.4
12,42,5,28.0,22.9,74.0,14.4
12,44,5,28.0,22.9,74.0,14.4
12,46,5,28.0,22.9,74.0,14.4
12,48,5,28.0,22.9,74.0,14.4
12,50,5,28.0,22.9,74.0,14.4
12,52,5,28.0,22.9,74.0,14.4
12,54,5,28.0,22.9,74.0,14.4
12,56,5,28.0,22.9,74.0,14.4
12,58,5,28.0,22.9,74.0,14.4
12,00,6,29.0,23.9,74.0,7.2
12,02,6,29.0,23.9,74.0,7.2
12,04,6,29.0,23.9,74.0,7.2
12,06,6,29.0,23.9,74.0,7.2
12,08,6,29.0,23.9,74.0,7.2
12,10,6,29.0,23.9,74.0,7.2
12,12,6,29.0,23.9,74.0,7.2
12,14,6,29.0,23.9,74.0,7.2
12,16,6,29.0,23.9,74.0,7.2
12,18,6,29.0,23.9,74.0,7.2
12,20,6,29.0,23.9,74.0,7.2
12,22,6,29.0,23.9,74.0,7.2
12,24,6,29.0,23.9,74.0,7.2
12,26,6,29.0,23.9,74.0,7.2
12,28,6,29.0,23.9,74.0,7.2
12,30,6,29.0,23.9,74.0,7.2
12,32,6,29.0,23.9,74.0,7.2
12,34,6,29.0,23.9,74.0,7.2
12,36,6,29.0,23.9,74.0,7.2
12,38,6,29.0,23.9,74.0,7.2
12,40,6,29.0,23.9,74.0,7.2
12,42,6,29.0,23.9,74.0,7.2
12,44,6,29.0,23.9,74.0,7.2
12,46,6,29.0,23.9,74.0,7.2
12,48,6,29.0,23.9,74.0,7.2
12,50,6,29.0,23.9,74.0,7.2
12,52,6,29.0,23.9,74.0,7.2
12,54,6,29.0,23.9,74.0,7.2
12,56,6,29.0,23.9,74.0,7.2
12,58,6,29.0,23.9,74.0,7.2
12,00,6,29.0,23.9,74.0,7.2
12,02,6,29.0,23.9,74.0,7.2
12,04,6,29.0,23.9,74.0,7.2
12,06,6,29.0,23.9,74.0,7.2
12,08,6,29.0,23.9,74.0,7.2
12,10,6,29.0,23.9,74.0,7.2
12,12,6,29.0,23.9,74.0,7.2
12,14,6,29.0,23.9,74.0,7.2
12,16,6,29.0,23.9,74.0,7.2
12,18,6,29.0,23.9,74.0,7.2
12,20,6,29.0,23.9,74.0,7.2
12,22,6,29.0,23.9,74.0,7.2
12,24,6,29.0,23.9,74.0,7.2
12,26,6,29.0,23.9,74.0,7.2
12,28,6,29.0,23.9,74.0,7.2
12,30,6,29.0,23.9,74.0,7.2
12,32,6,29.0,23.9,74.0,7.2
12,34,6,29.0,23.9,74.0,7.2
12,36,6,29.0,23.9,74.0,7.2
12,38,6,29.0,23.9,74.0,7.2
12,40,6,29.0,23.9,74.0,7.2
12,42,6,29.0,23.9,74.0,7.2
12,44,6,29.0,23.9,74.0,7.2
12,46,6,29.0,23.9,74.0,7.2
12,48,6,29.0,23.9,74.0,7.2
12,50,6,29.0,23.9,74.0,7.2
12,52,6,29.0,23.9,74.0,7.2
12,54,6,29.0,23.9,74.0,7.2
12,56,6,29.0,23.9,74.0,7.2
12,58,6,29.0,23.9,74.0,7.2
12,00,0,28.0,20.0,62.0,3.6
12,02,0,28.0,20.0,62.0,3.6
12,04,0,28.0,20.0,62.0,3.6
12,06,0,28.0,20.0,62.0,3.6
12,08,0,28.0,20.0,62.0,3.6
12,10,0,28.0,20.0,62.0,3.6
12,12,0,28.0,20.0,62.0,3.6
12,14,0,28.0,20.0,62.0,3.6
12,16,0,28.0,20.0,62.0,3.6
12,18,0,28.0,20.0,62.0,3.6
12,20,0,28.0,20.0,62.0,3.6
12,22,0,28.0,20.0,62.0,3.6
12,24,0,28.0,20.0,62.0,3.6
12,26,0,28.0,20.0,62.0,3.6
12,28,0,28.0,20.0,62.0,3.6
12,30,0,28.0,20.0,62.0,3.6
12,32,0,28.0,20.0,62.0,3.6
12,34,0,28.0,20.0,62.0,3.6
12,36,0,28.0,20.0,62.0,3.6
12,38,0,28.0,20.0,62.0,3.6
12,40,0,28.0,20.0,62.0,3.6
12,42,0,28.0,20.0,62.0,3.6
12,44,0,28.0,20.0,62.0,3.6
12,46,0,28.0,20.0,62.0,3.6
12,48,0,28.0,20.0,62.0,3.6
12,50,0,28.0,20.0,62.0,3.6
12,52,0,28.0,20.0,62.0,3.6
12,54,0,28.0,20.0,62.0,3.6
12,56,0,28.0,20.0,62.0,3.6
12,58,0,28.0,20.0,62.0,3.6
12,00,0,28.0,20.0,62.0,3.6
12,02,0,28.0,20.0,62.0,3.6
12,04,0,28.0,20.0,62.0,3.6
12,06,0,28.0,20.0,62.0,3.6
12,08,0,28.0,20.0,62.0,3.6
12,10,0,28.0,20.0,62.0,3.6
12,12,0,28.0,20.0,62.0,3.6
12,14,0,28.0,20.0,62.0,3.6
12,16,0,28.0,20.0,62.0,3.6
12,18,0,28.0,20.0,62.0,3.6
12,20,0,28.0,20.0,62.0,3.6
12,22,0,28.0,20.0,62.0,3.6
12,24,0,28.0,20.0,62.0,3.6
12,26,0,28.0,20.0,62.0,3.6
12,28,0,28.0,20.0,62.0,3.6
12,30,0,28.0,20.0,62.0,3.6
12,32,0,28.0,20.0,62.0,3.6
12,34,0,28.0,20.0,62.0,3.6
12,36,0,28.0,20.0,62.0,3.6
12,38,0,28.0,20.0,62.0,3.6
12,40,0,28.0,20.0,62.0,3.6
12,42,0,28.0,20.0,62.0,3.6
12,44,0,28.0,20.0,62.0,3.6
12,46,0,28.0,20.0,62.0,3.6
12,48,0,28.0,20.0,62.0,3.6
12,50,0,28.0,20.0,62.0,3.6
12,52,0,28.0,20.0,62.0,3.6
12,54,0,28.0,20.0,62.0,3.6
12,56,0,28.0,20.0,62.0,3.6
12,58,0,28.0,20.0,62.0,3.6
12,00,1,25.0,20.9,78.0,3.6
12,02,1,25.0,20.9,78.0,3.6
12,04,1,25.0,20.9,78.0,3.6
12,06,1,25.0,20.9,78.0,3.6
12,08,1,25.0,20.9,78.0,3.6
12,10,1,25.0,20.9,78.0,3.6
12,12,1,25.0,20.9,78.0,3.6
12,14,1,25.0,20.9,78.0,3.6
12,16,1,25.0,20.9,78.0,3.6
12,18,1,25.0,20.9,78.0,3.6
12,20,1,25.0,20.9,78.0,3.6
12,22,1,25.0,20.9,78.0,3.6
12,24,1,25.0,20.9,78.0,3.6
12,26,1,25.0,20.9,78.0,3.6
12,28,1,25.0,20.9,78.0,3.6
12,30,1,25.0,20.9,78.0,3.6
12,32,1,25.0,20.9,78.0,3.6
12,34,1,25.0,20.9,78.0,3.6
12,36,1,25.0,20.9,78.0,3.6
12,38,1,25.0,20.9,78.0,3.6
12,40,1,25.0,20.9,78.0,3.6
12,42,1,25.0,20.9,78.0,3.6
12,44,1,25.0,20.9,78.0,3.6
12,46,1,25.0,20.9,78.0,3.6
12,48,1,25.0,20.9,78.0,3.6
12,50,1,25.0,20.9,78.0,3.6
12,52,1,25.0,20.9,78.0,3.6
12,54,1,25.0,20.9,78.0,3.6
12,56,1,25.0,20.9,78.0,3.6
12,58,1,25.0,20.9,78.0,3.6
12,00,1,25.0,20.9,78.0,3.6
12,02,1,25.0,20.9,78.0,3.6
12,04,1,25.0,20.9,78.0,3.6
12,06,1,25.0,20.9,78.0,3.6
12,08,1,25.0,20.9,78.0,3.6
12,10,1,25.0,20.9,78.0,3.6
12,12,1,25.0,20.9,78.0,3.6
12,14,1,25.0,20.9,78.0,3.6
12,16,1,25.0,20.9,78.0,3.6
12,18,1,25.0,20.9,78.0,3.6
12,20,1,25.0,20.9,78.0,3.6
12,22,1,25.0,20.9,78.0,3.6
12,24,1,25.0,20.9,78.0,3.6
12,26,1,25.0,20.9,78.0,3.6
12,28,1,25.0,20.9,78.0,3.6
12,30,1,25.0,20.9,78.0,3.6
12,32,1,25.0,20.9,78.0,3.6
12,34,1,25.0,20.9,78.0,3.6
12,36,1,25.0,20.9,78.0,3.6
12,38,1,25.0,20.9,78.0,3.6
12,40,1,25.0,20.9,78.0,3.6
12,42,1,25.0,20.9,78.0,3.6
12,44,1,25.0,20.9,78.0,3.6
12,46,1,25.0,20.9,78.0,3.6
12,48,1,25.0,20.9,78.0,3.6
12,50,1,25.0,20.9,78.0,3.6
12,52,1,25.0,20.9,78.0,3.6
12,54,1,25.0,20.9,78.0,3.6
12,56,1,25.0,20.9,78.0,3.6
12,58,1,25.0,20.9,78.0,3.6
12,00,2,29.0,21.0,62.0,3.6
12,02,2,29.0,21.0,62.0,3.6
12,04,2,29.0,21.0,62.0,3.6
12,06,2,29.0,21.0,62.0,3.6
12,08,2,29.0,21.0,62.0,3.6
12,10,2,29.0,21.0,62.0,3.6
12,12,2,29.0,21.0,62.0,3.6
12,14,2,29.0,21.0,62.0,3.6
12,16,2,29.0,21.0,62.0,3.6
12,18,2,29.0,21.0,62.0,3.6
12,20,2,29.0,21.0,62.0,3.6
12,22,2,29.0,21.0,62.0,3.6
12,24,2,29.0,21.0,62.0,3.6
12,26,2,29.0,21.0,62.0,3.6
12,28,2,29.0,21.0,62.0,3.6
12,30,2,29.0,21.0,62.0,3.6
12,32,2,29.0,21.0,62.0,3.6
12,34,2,29.0,21.0,62.0,3.6
12,36,2,29.0,21.0,62.0,3.6
12,38,2,29.0,21.0,62.0,3.6
12,40,2,29.0,21.0,62.0,3.6
12,42,2,29.0,21.0,62.0,3.6
12,44,2,29.0,21.0,62.0,3.6
12,46,2,29.0,21.0,62.0,3.6
12,48,2,29.0,21.0,62.0,3.6
12,50,2,29.0,21.0,62.0,3.6
12,52,2,29.0,21.0,62.0,3.6
12,54,2,29.0,21.0,62.0,3.6
12,56,2,29.0,21.0,62.0,3.6
12,58,2,29.0,21.0,62.0,3.6
12,00,2,29.0,21.0,62.0,3.6
12,02,2,29.0,21.0,62.0,3.6
12,04,2,29.0,21.0,62.0,3.6
12,06,2,29.0,21.0,62.0,3.6
12,08,2,29.0,21.0,62.0,3.6
12,10,2,29.0,21.0,62.0,3.6
12,12,2,29.0,21.0,62.0,3.6
12,14,2,29.0,21.0,62.0,3.6
12,16,2,29.0,21.0,62.0,3.6
12,18,2,29.0,21.0,62.0,3.6
12,20,2,29.0,21.0,62.0,3.6
12,22,2,29.0,21.0,62.0,3.6
12,24,2,29.0,21.0,62.0,3.6
12,26,2,29.0,21.0,62.0,3.6
12,28,2,29.0,21.0,62.0,3.6
12,30,2,29.0,21.0,62.0,3.6
12,32,2,29.0,21.0,62.0,3.6
12,34,2,29.0,21.0,62.0,3.6
12,36,2,29.0,21.0,62.0,3.6
12,38,2,29.0,21.0,62.0,3.6
12,40,2,29.0,21.0,62.0,3.6
12,42,2,29.0,21.0,62.0,3.6
12,44,2,29.0,21.0,62.0,3.6
12,46,2,29.0,21.0,62.0,3.6
12,48,2,29.0,21.0,62.0,3.6
12,50,2,29.0,21.0,62.0,3.6
12,52,2,29.0,21.0,62.0,3.6
12,54,2,29.0,21.0,62.0,3.6
12,56,2,29.0,21.0,62.0,3.6
12,58,2,29.0,21.0,62.0,3.6
12,00,3,26.0,21.0,74.0,3.6
12,02,3,26.0,21.0,74.0,3.6
12,04,3,26.0,21.0,74.0,3.6
12,06,3,26.0,21.0,74.0,3.6
12,08,3,26.0,21.0,74.0,3.6
12,10,3,26.0,21.0,74.0,3.6
12,12,3,26.0,21.0,74.0,3.6
12,14,3,26.0,21.0,74.0,3.6
12,16,3,26.0,21.0,74.0,3.6
12,18,3,26.0,21.0,74.0,3.6
12,20,3,26.0,21.0,74.0,3.6
12,22,3,26.0,21.0,74.0,3.6
12,24,3,26.0,21.0,74.0,3.6
12,26,3,26.0,21.0,74.0,3.6
12,28,3,26.0,21.0,74.0,3.6
12,30,3,26.0,21.0,74.0,3.6
12,32,3,26.0,21.0,74.0,3.6
12,34,3,26.0,21.0,74.0,3.6
12,36,3,26.0,21.0,74.0,3.6
12,38,3,26.0,21.0,74.0,3.6
12,40,3,26.0,21.0,74.0,3.6
12,42,3,26.0,21.0,74.0,3.6
12,44,3,26.0,21.0,74.0,3.6
12,46,3,26.0,21.0,74.0,3.6
12,48,3,26.0,21.0,74.0,3.6
12,50,3,26.0,21.0,74.0,3.6
12,52,3,26.0,21.0,74.0,3.6
12,54,3,26.0,21.0,74.0,3.6
12,56,3,26.0,21.0,74.0,3.6
12,58,3,26.0,21.0,74.0,3.6
12,00,3,26.0,21.0,74.0,3.6
12,02,3,26.0,21.0,74.0,3.6
12,04,3,26.0,21.0,74.0,3.6
12,06,3,26.0,21.0,74.0,3.6
12,08,3,26.0,21.0,74.0,3.6
12,10,3,26.0,21.0,74.0,3.6
12,12,3,26.0,21.0,74.0,3.6
12,14,3,26.0,21.0,74.0,3.6
12,16,3,26.0,21.0,74.0,3.6
12,18,3,26.0,21.0,74.0,3.6
12,20,3,26.0,21.0,74.0,3.6
12,22,3,26.0,21.0,74.0,3.6
12,24,3,26.0,21.0,74.0,3.6
12,26,3,26.0,21.0,74.0,3.6
12,28,3,26.0,21.0,74.0,3.6
12,30,3,26.0,21.0,74.0,3.6
12,32,3,26.0,21.0,74.0,3.6
12,34,3,26.0,21.0,74.0,3.6
12,36,3,26.0,21.0,74.0,3.6
12,38,3,26.0,21.0,74.0,3.6
12,40,3,26.0,21.0,74.0,3.6
12,42,3,26.0,21.0,74.0,3.6
12,44,3,26.0,21.0,74.0,3.6
12,46,3,26.0,21.0,74.0,3.6
12,48,3,26.0,21.0,74.0,3.6
12,50,3,26.0,21.0,74.0,3.6
12,52,3,26.0,21.0,74.0,3.6
12,54,3,26.0,21.0,74.0,3.6
12,56,3,26.0,21.0,74.0,3.6
12,58,3,26.0,21.0,74.0,3.6
12,00,4,23.0,17.0,69.0,3.6
12,02,4,23.0,17.0,69.0,3.6
12,04,4,23.0,17.0,69.0,3.6
12,06,4,23.0,17.0,69.0,3.6
12,08,4,23.0,17.0,69.0,3.6
12,10,4,23.0,17.0,69.0,3.6
12,12,4,23.0,17.0,69.0,3.6
12,14,4,23.0,17.0,69.0,3.6
12,16,4,23.0,17.0,69.0,3.6
12,18,4,23.0,17.0,69.0,3.6
12,20,4,23.0,17.0,69.0,3.6
12,22,4,23.0,17.0,69.0,3.6
12,24,4,23.0,17.0,69.0,3.6
12,26,4,23.0,17.0,69.0,3.6
12,28,4,23.0,17.0,69.0,3.6
12,30,4,23.0,17.0,69.0,3.6
12,32,4,23.0,17.0,69.0,3.6
12,34,4,23.0,17.0,69.0,3.6
12,36,4,23.0,17.0,69.0,3.6
12,38,4,23.0,17.0,69.0,3.6
12,40,4,23.0,17.0,69.0,3.6
12,42,4,23.0,17.0,69.0,3.6
12,44,4,23.0,17.0,69.0,3.6
12,46,4,23.0,17.0,69.0,3.6
12,48,4,23.0,17.0,69.0,3.6
12,50,4,23.0,17.0,69.0,3.6
12,52,4,23.0,17.0,69.0,3.6
12,54,4,23.0,17.0,69.0,3.6
12,56,4,23.0,17.0,69.0,3.6
12,58,4,23.0,17.0,69.0,3.6
12,00,4,23.0,17.0,69.0,3.6
12,02,4,23.0,17.0,69.0,3.6
12,04,4,23.0,17.0,69.0,3.6
12,06,4,23.0,17.0,69.0,3.6
12,08,4,23.0,17.0,69.0,3.6
12,10,4,23.0,17.0,69.0,3.6
12,12,4,23.0,17.0,69.0,3.6
12,14,4,23.0,17.0,69.0,3.6
12,16,4,23.0,17.0,69.0,3.6
12,18,4,23.0,17.0,69.0,3.6
12,20,4,23.0,17.0,69.0,3.6
12,22,4,23.0,17.0,69.0,3.6
12,24,4,23.0,17.0,69.0,3.6
12,26,4,23.0,17.0,69.0,3.6
12,28,4,23.0,17.0,69.0,3.6
12,30,4,23.0,17.0,69.0,3.6
12,32,4,23.0,17.0,69.0,3.6
12,34,4,23.0,17.0,69.0,3.6
12,36,4,23.0,17.0,69.0,3.6
12,38,4,23.0,17.0,69.0,3.6
12,40,4,23.0,17.0,69.0,3.6
12,42,4,23.0,17.0,69.0,3.6
12,44,4,23.0,17.0,69.0,3.6
12,46,4,23.0,17.0,69.0,3.6
12,48,4,23.0,17.0,69.0,3.6
12,50,4,23.0,17.0,69.0,3.6
12,52,4,23.0,17.0,69.0,3.6
12,54,4,23.0,17.0,69.0,3.6
12,56,4,23.0,17.0,69.0,3.6
12,58,4,23.0,17.0,69.0,3.6
12,00,5,23.0,19.0,78.0,0.0
12,02,5,23.0,19.0,78.0,0.0
12,04,5,23.0,19.0,78.0,0.0
12,06,5,23.0,19.0,78.0,0.0
12,08,5,23.0,19.0,78.0,0.0
12,10,5,23.0,19.0,78.0,0.0
12,12,5,23.0,19.0,78.0,0.0
12,14,5,23.0,19.0,78.0,0.0
12,16,5,23.0,19.0,78.0,0.0
12,18,5,23.0,19.0,78.0,0.0
12,20,5,23.0,19.0,78.0,0.0
12,22,5,23.0,19.0,78.0,0.0
12,24,5,23.0,19.0,78.0,0.0
12,26,5,23.0,19.0,78.0,0.0
12,28,5,23.0,19.0,78.0,0.0
12,30,5,23.0,19.0,78.0,0.0
12,32,5,23.0,19.0,78.0,0.0
12,34,5,23.0,19.0,78.0,0.0
12,36,5,23.0,19.0,78.0,0.0
12,38,5,23.0,19.0,78.0,0.0
12,40,5,23.0,19.0,78.0,0.0
12,42,5,23.0,19.0,78.0,0.0
12,44,5,23.0,19.0,78.0,0.0
12,46,5,23.0,19.0,78.0,0.0
12,48,5,23.0,19.0,78.0,0.0
12,50,5,23.0,19.0,78.0,0.0
12,52,5,23.0,19.0,78.0,0.0
12,54,5,23.0,19.0,78.0,0.0
12,56,5,23.0,19.0,78.0,0.0
12,58,5,23.0,19.0,78.0,0.0
12,00,5,23.0,19.0,78.0,0.0
12,02,5,23.0,19.0,78.0,0.0
12,04,5,23.0,19.0,78.0,0.0
12,06,5,23.0,19.0,78.0,0.0
12,08,5,23.0,19.0,78.0,0.0
12,10,5,23.0,19.0,78.0,0.0
12,12,5,23.0,19.0,78.0,0.0
12,14,5,23.0,19.0,78.0,0.0
12,16,5,23.0,19.0,78.0,0.0
12,18,5,23.0,19.0,78.0,0.0
12,20,5,23.0,19.0,78.0,0.0
12,22,5,23.0,19.0,78.0,0.0
12,24,5,23.0,19.0,78.0,0.0
12,26,5,23.0,19.0,78.0,0.0
12,28,5,23.0,19.0,78.0,0.0
12,30,5,23.0,19.0,78.0,0.0
12,32,5,23.0,19.0,78.0,0.0
12,34,5,23.0,19.0,78.0,0.0
12,36,5,23.0,19.0,78.0,0.0
12,38,5,23.0,19.0,78.0,0.0
12,40,5,23.0,19.0,78.0,0.0
12,42,5,23.0,19.0,78.0,0.0
12,44,5,23.0,19.0,78.0,0.0
12,46,5,23.0,19.0,78.0,0.0
12,48,5,23.0,19.0,78.0,0.0
12,50,5,23.0,19.0,78.0,0.0
12,52,5,23.0,19.0,78.0,0.0
12,54,5,23.0,19.0,78.0,0.0
12,56,5,23.0,19.0,78.0,0.0
12,58,5,23.0,19.0,78.0,0.0
12,00,6,26.0,17.1,58.0,7.2
12,02,6,26.0,17.1,58.0,7.2
12,04,6,26.0,17.1,58.0,7.2
12,06,6,26.0,17.1,58.0,7.2
12,08,6,26.0,17.1,58.0,7.2
12,10,6,26.0,17.1,58.0,7.2
12,12,6,26.0,17.1,58.0,7.2
12,14,6,26.0,17.1,58.0,7.2
12,16,6,26.0,17.1,58.0,7.2
12,18,6,26.0,17.1,58.0,7.2
12,20,6,26.0,17.1,58.0,7.2
12,22,6,26.0,17.1,58.0,7.2
12,24,6,26.0,17.1,58.0,7.2
12,26,6,26.0,17.1,58.0,7.2
12,28,6,26.0,17.1,58.0,7.2
12,30,6,26.0,17.1,58.0,7.2
12,32,6,26.0,17.1,58.0,7.2
12,34,6,26.0,17.1,58.0,7.2
12,36,6,26.0,17.1,58.0,7.2
12,38,6,26.0,17.1,58.0,7.2
12,40,6,26.0,17.1,58.0,7.2
12,42,6,26.0,17.1,58.0,7.2
12,44,6,26.0,17.1,58.0,7.2
12,46,6,26.0,17.1,58.0,7.2
12,48,6,26.0,17.1,58.0,7.2
12,50,6,26.0,17.1,58.0,7.2
12,52,6,26.0,17.1,58.0,7.2
12,54,6,26.0,17.1,58.0,7.2
12,56,6,26.0,17.1,58.0,7.2
12,58,6,26.0,17.1,58.0,7.2
12,00,6,26.0,17.1,58.0,7.2
12,02,6,26.0,17.1,58.0,7.2
12,04,6,26.0,17.1,58.0,7.2
12,06,6,26.0,17.1,58.0,7.2
12,08,6,26.0,17.1,58.0,7.2
12,10,6,26.0,17.1,58.0,7.2
12,12,6,26.0,17.1,58.0,7.2
12,14,6,26.0,17.1,58.0,7.2
12,16,6,26.0,17.1,58.0,7.2
12,18,6,26.0,17.1,58.0,7.2
12,20,6,26.0,17.1,58.0,7.2
12,22,6,26.0,17.1,58.0,7.2
12,24,6,26.0,17.1,58.0,7.2
12,26,6,26.0,17.1,58.0,7.2
12,28,6,26.0,17.1,58.0,7.2
12,30,6,26.0,17.1,58.0,7.2
12,32,6,26.0,17.1,58.0,7.2
12,34,6,26.0,17.1,58.0,7.2
12,36,6,26.0,17.1,58.0,7.2
12,38,6,26.0,17.1,58.0,7.2
12,40,6,26.0,17.1,58.0,7.2
12,42,6,26.0,17.1,58.0,7.2
12,44,6,26.0,17.1,58.0,7.2
12,46,6,26.0,17.1,58.0,7.2
12,48,6,26.0,17.1,58.0,7.2
12,50,6,26.0,17.1,58.0,7.2
12,52,6,26.0,17.1,58.0,7.2
12,54,6,26.0,17.1,58.0,7.2
12,56,6,26.0,17.1,58.0,7.2
12,58,6,26.0,17.1,58.0,7.2
12,00,0,28.0,18.1,55.0,10.8
12,02,0,28.0,18.1,55.0,10.8
12,04,0,28.0,18.1,55.0,10.8
12,06,0,28.0,18.1,55.0,10.8
12,08,0,28.0,18.1,55.0,10.8
12,10,0,28.0,18.1,55.0,10.8
12,12,0,28.0,18.1,55.0,10.8
12,14,0,28.0,18.1,55.0,10.8
12,16,0,28.0,18.1,55.0,10.8
12,18,0,28.0,18.1,55.0,10.8
12,20,0,28.0,18.1,55.0,10.8
12,22,0,28.0,18.1,55.0,10.8
12,24,0,28.0,18.1,55.0,10.8
12,26,0,28.0,18.1,55.0,10.8
12,28,0,28.0,18.1,55.0,10.8
12,30,0,28.0,18.1,55.0,10.8
12,32,0,28.0,18.1,55.0,10.8
12,34,0,28.0,18.1,55.0,10.8
12,36,0,28.0,18.1,55.0,10.8
12,38,0,28.0,18.1,55.0,10.8
12,40,0,28.0,18.1,55.0,10.8
12,42,0,28.0,18.1,55.0,10.8
12,44,0,28.0,18.1,55.0,10.8
12,46,0,28.0,18.1,55.0,10.8
12,48,0,28.0,18.1,55.0,10.8
12,50,0,28.0,18.1,55.0,10.8
12,52,0,28.0,18.1,55.0,10.8
12,54,0,28.0,18.1,55.0,10.8
12,56,0,28.0,18.1,55.0,10.8
12,58,0,28.0,18.1,55.0,10.8
12,00,0,28.0,18.1,55.0,10.8
12,02,0,28.0,18.1,55.0,10.8
12,04,0,28.0,18.1,55.0,10.8
12,06,0,28.0,18.1,55.0,10.8
12,08,0,28.0,18.1,55.0,10.8
12,10,0,28.0,18.1,55.0,10.8
12,12,0,28.0,18.1,55.0,10.8
12,14,0,28.0,18.1,55.0,10.8
12,16,0,28.0,18.1,55.0,10.8
12,18,0,28.0,18.1,55.0,10.8
12,20,0,28.0,18.1,55.0,10.8
12,22,0,28.0,18.1,55.0,10.8
12,24,0,28.0,18.1,55.0,10.8
12,26,0,28.0,18.1,55.0,10.8
12,28,0,28.0,18.1,55.0,10.8
12,30,0,28.0,18.1,55.0,10.8
12,32,0,28.0,18.1,55.0,10.8
12,34,0,28.0,18.1,55.0,10.8
12,36,0,28.0,18.1,55.0,10.8
12,38,0,28.0,18.1,55.0,10.8
12,40,0,28.0,18.1,55.0,10.8
12,42,0,28.0,18.1,55.0,10.8
12,44,0,28.0,18.1,55.0,10.8
12,46,0,28.0,18.1,55.0,10.8
12,48,0,28.0,18.1,55.0,10.8
12,50,0,28.0,18.1,55.0,10.8
12,52,0,28.0,18.1,55.0,10.8
12,54,0,28.0,18.1,55.0,10.8
12,56,0,28.0,18.1,55.0,10.8
12,58,0,28.0,18.1,55.0,10.8
12,00,1,30.0,18.1,49.0,10.8
12,02,1,30.0,18.1,49.0,10.8
12,04,1,30.0,18.1,49.0,10.8
12,06,1,30.0,18.1,49.0,10.8
12,08,1,30.0,18.1,49.0,10.8
12,10,1,30.0,18.1,49.0,10.8
12,12,1,30.0,18.1,49.0,10.8
12,14,1,30.0,18.1,49.0,10.8
12,16,1,30.0,18.1,49.0,10.8
12,18,1,30.0,18.1,49.0,10.8
12,20,1,30.0,18.1,49.0,10.8
12,22,1,30.0,18.1,49.0,10.8
12,24,1,30.0,18.1,49.0,10.8
12,26,1,30.0,18.1,49.0,10.8
12,28,1,30.0,18.1,49.0,10.8
12,30,1,30.0,18.1,49.0,10.8
12,32,1,30.0,18.1,49.0,10.8
12,34,1,30.0,18.1,49.0,10.8
12,36,1,30.0,18.1,49.0,10.8
12,38,1,30.0,18.1,49.0,10.8
12,40,1,30.0,18.1,49.0,10.8
12,42,1,30.0,18.1,49.0,10.8
12,44,1,30.0,18.1,49.0,10.8
12,46,1,30.0,18.1,49.0,10.8
12,48,1,30.0,18.1,49.0,10.8
12,50,1,30.0,18.1,49.0,10.8
12,52,1,30.0,18.1,49.0,10.8
12,54,1,30.0,18.1,49.0,10.8
12,56,1,30.0,18.1,49.0,10.8
12,58,1,30.0,18.1,49.0,10.8
12,00,1,30.0,18.1,49.0,10.8
12,02,1,30.0,18.1,49.0,10.8
12,04,1,30.0,18.1,49.0,10.8
12,06,1,30.0,18.1,49.0,10.8
12,08,1,30.0,18.1,49.0,10.8
12,10,1,30.0,18.1,49.0,10.8
12,12,1,30.0,18.1,49.0,10.8
12,14,1,30.0,18.1,49.0,10.8
12,16,1,30.0,18.1,49.0,10.8
12,18,1,30.0,18.1,49.0,10.8
12,20,1,30.0,18.1,49.0,10.8
12,22,1,30.0,18.1,49.0,10.8
12,24,1,30.0,18.1,49.0,10.8
12,26,1,30.0,18.1,49.0,10.8
12,28,1,30.0,18.1,49.0,10.8
12,30,1,30.0,18.1,49.0,10.8
12,32,1,30.0,18.1,49.0,10.8
12,34,1,30.0,18.1,49.0,10.8
12,36,1,30.0,18.1,49.0,10.8
12,38,1,30.0,18.1,49.0,10.8
12,40,1,30.0,18.1,49.0,10.8
12,42,1,30.0,18.1,49.0,10.8
12,44,1,30.0,18.1,49.0,10.8
12,46,1,30.0,18.1,49.0,10.8
12,48,1,30.0,18.1,49.0,10.8
12,50,1,30.0,18.1,49.0,10.8
12,52,1,30.0,18.1,49.0,10.8
12,54,1,30.0,18.1,49.0,10.8
12,56,1,30.0,18.1,49.0,10.8
12,58,1,30.0,18.1,49.0,10.8
12,00,2,26.0,22.1,79.0,0.0
12,02,2,26.0,22.1,79.0,0.0
12,04,2,26.0,22.1,79.0,0.0
12,06,2,26.0,22.1,79.0,0.0
12,08,2,26.0,22.1,79.0,0.0
12,10,2,26.0,22.1,79.0,0.0
12,12,2,26.0,22.1,79.0,0.0
12,14,2,26.0,22.1,79.0,0.0
12,16,2,26.0,22.1,79.0,0.0
12,18,2,26.0,22.1,79.0,0.0
12,20,2,26.0,22.1,79.0,0.0
12,22,2,26.0,22.1,79.0,0.0
12,24,2,26.0,22.1,79.0,0.0
12,26,2,26.0,22.1,79.0,0.0
12,28,2,26.0,22.1,79.0,0.0
12,30,2,26.0,22.1,79.0,0.0
12,32,2,26.0,22.1,79.0,0.0
12,34,2,26.0,22.1,79.0,0.0
12,36,2,26.0,22.1,79.0,0.0
12,38,2,26.0,22.1,79.0,0.0
12,40,2,26.0,22.1,79.0,0.0
12,42,2,26.0,22.1,79.0,0.0
12,44,2,26.0,22.1,79.0,0.0
12,46,2,26.0,22.1,79.0,0.0
12,48,2,26.0,22.1,79.0,0.0
12,50,2,26.0,22.1,79.0,0.0
12,52,2,26.0,22.1,79.0,0.0
12,54,2,26.0,22.1,79.0,0.0
12,56,2,26.0,22.1,79.0,0.0
12,58,2,26.0,22.1,79.0,0.0
12,00,2,26.0,22.1,79.0,0.0
12,02,2,26.0,22.1,79.0,0.0
12,04,2,26.0,22.1,79.0,0.0
12,06,2,26.0,22.1,79.0,0.0
12,08,2,26.0,22.1,79.0,0.0
12,10,2,26.0,22.1,79.0,0.0
12,12,2,26.0,22.1,79.0,0.0
12,14,2,26.0,22.1,79.0,0.0
12,16,2,26.0,22.1,79.0,0.0
12,18,2,26.0,22.1,79.0,0.0
12,20,2,26.0,22.1,79.0,0.0
12,22,2,26.0,22.1,79.0,0.0
12,24,2,26.0,22.1,79.0,0.0
12,26,2,26.0,22.1,79.0,0.0
12,28,2,26.0,22.1,79.0,0.0
12,30,2,26.0,22.1,79.0,0.0
12,32,2,26.0,22.1,79.0,0.0
12,34,2,26.0,22.1,79.0,0.0
12,36,2,26.0,22.1,79.0,0.0
12,38,2,26.0,22.1,79.0,0.0
12,40,2,26.0,22.1,79.0,0.0
12,42,2,26.0,22.1,79.0,0.0
12,44,2,26.0,22.1,79.0,0.0
12,46,2,26.0,22.1,79.0,0.0
12,48,2,26.0,22.1,79.0,0.0
12,50,2,26.0,22.1,79.0,0.0
12,52,2,26.0,22.1,79.0,0.0
12,54,2,26.0,22.1,79.0,0.0
12,56,2,26.0,22.1,79.0,0.0
12,58,2,26.0,22.1,79.0,0.0
12,00,3,25.0,20.0,74.0,7.2
12,02,3,25.0,20.0,74.0,7.2
12,04,3,25.0,20.0,74.0,7.2
12,06,3,25.0,20.0,74.0,7.2
12,08,3,25.0,20.0,74.0,7.2
12,10,3,25.0,20.0,74.0,7.2
12,12,3,25.0,20.0,74.0,7.2
12,14,3,25.0,20.0,74.0,7.2
12,16,3,25.0,20.0,74.0,7.2
12,18,3,25.0,20.0,74.0,7.2
12,20,3,25.0,20.0,74.0,7.2
12,22,3,25.0,20.0,74.0,7.2
12,24,3,25.0,20.0,74.0,7.2
12,26,3,25.0,20.0,74.0,7.2
12,28,3,25.0,20.0,74.0,7.2
12,30,3,25.0,20.0,74.0,7.2
12,32,3,25.0,20.0,74.0,7.2
12,34,3,25.0,20.0,74.0,7.2
12,36,3,25.0,20.0,74.0,7.2
12,38,3,25.0,20.0,74.0,7.2
12,40,3,25.0,20.0,74.0,7.2
12,42,3,25.0,20.0,74.0,7.2
12,44,3,25.0,20.0,74.0,7.2
12,46,3,25.0,20.0,74.0,7.2
12,48,3,25.0,20.0,74.0,7.2
12,50,3,25.0,20.0,74.0,7.2
12,52,3,25.0,20.0,74.0,7.2
12,54,3,25.0,20.0,74.0,7.2
12,56,3,25.0,20.0,74.0,7.2
12,58,3,25.0,20.0,74.0,7.2
12,00,3,25.0,20.0,74.0,7.2
12,02,3,25.0,20.0,74.0,7.2
12,04,3,25.0,20.0,74.0,7.2
12,06,3,25.0,20.0,74.0,7.2
12,08,3,25.0,20.0,74.0,7.2
12,10,3,25.0,20.0,74.0,7.2
12,12,3,25.0,20.0,74.0,7.2
12,14,3,25.0,20.0,74.0,7.2
12,16,3,25.0,20.0,74.0,7.2
12,18,3,25.0,20.0,74.0,7.2
12,20,3,25.0,20.0,74.0,7.2
12,22,3,25.0,20.0,74.0,7.2
12,24,3,25.0,20.0,74.0,7.2
12,26,3,25.0,20.0,74.0,7.2
12,28,3,25.0,20.0,74.0,7.2
12,30,3,25.0,20.0,74.0,7.2
12,32,3,25.0,20.0,74.0,7.2
12,34,3,25.0,20.0,74.0,7.2
12,36,3,25.0,20.0,74.0,7.2
12,38,3,25.0,20.0,74.0,7.2
12,40,3,25.0,20.0,74.0,7.2
12,42,3,25.0,20.0,74.0,7.2
12,44,3,25.0,20.0,74.0,7.2
12,46,3,25.0,20.0,74.0,7.2
12,48,3,25.0,20.0,74.0,7.2
12,50,3,25.0,20.0,74.0,7.2
12,52,3,25.0,20.0,74.0,7.2
12,54,3,25.0,20.0,74.0,7.2
12,56,3,25.0,20.0,74.0,7.2
12,58,3,25.0,20.0,74.0,7.2
12,00,4,31.0,17.0,43.0,7.2
12,02,4,31.0,17.0,43.0,7.2
12,04,4,31.0,17.0,43.0,7.2
12,06,4,31.0,17.0,43.0,7.2
12,08,4,31.0,17.0,43.0,7.2
12,10,4,31.0,17.0,43.0,7.2
12,12,4,31.0,17.0,43.0,7.2
12,14,4,31.0,17.0,43.0,7.2
12,16,4,31.0,17.0,43.0,7.2
12,18,4,31.0,17.0,43.0,7.2
12,20,4,31.0,17.0,43.0,7.2
12,22,4,31.0,17.0,43.0,7.2
12,24,4,31.0,17.0,43.0,7.2
12,26,4,31.0,17.0,43.0,7.2
12,28,4,31.0,17.0,43.0,7.2
12,30,4,31.0,17.0,43.0,7.2
12,32,4,31.0,17.0,43.0,7.2
12,34,4,31.0,17.0,43.0,7.2
12,36,4,31.0,17.0,43.0,7.2
12,38,4,31.0,17.0,43.0,7.2
12,40,4,31.0,17.0,43.0,7.2
12,42,4,31.0,17.0,43.0,7.2
12,44,4,31.0,17.0,43.0,7.2
12,46,4,31.0,17.0,43.0,7.2
12,48,4,31.0,17.0,43.0,7.2
12,50,4,31.0,17.0,43.0,7.2
12,52,4,31.0,17.0,43.0,7.2
12,54,4,31.0,17.0,43.0,7.2
12,56,4,31.0,17.0,43.0,7.2
12,58,4,31.0,17.0,43.0,7.2
12,00,4,31.0,17.0,43.0,7.2
12,02,4,31.0,17.0,43.0,7.2
12,04,4,31.0,17.0,43.0,7.2
12,06,4,31.0,17.0,43.0,7.2
12,08,4,31.0,17.0,43.0,7.2
12,10,4,31.0,17.0,43.0,7.2
12,12,4,31.0,17.0,43.0,7.2
12,14,4,31.0,17.0,43.0,7.2
12,16,4,31.0,17.0,43.0,7.2
12,18,4,31.0,17.0,43.0,7.2
12,20,4,31.0,17.0,43.0,7.2
12,22,4,31.0,17.0,43.0,7.2
12,24,4,31.0,17.0,43.0,7.2
12,26,4,31.0,17.0,43.0,7.2
12,28,4,31.0,17.0,43.0,7.2
12,30,4,31.0,17.0,43.0,7.2
12,32,4,31.0,17.0,43.0,7.2
12,34,4,31.0,17.0,43.0,7.2
12,36,4,31.0,17.0,43.0,7.2
12,38,4,31.0,17.0,43.0,7.2
12,40,4,31.0,17.0,43.0,7.2
12,42,4,31.0,17.0,43.0,7.2
12,44,4,31.0,17.0,43.0,7.2
12,46,4,31.0,17.0,43.0,7.2
12,48,4,31.0,17.0,43.0,7.2
12,50,4,31.0,17.0,43.0,7.2
12,52,4,31.0,17.0,43.0,7.2
12,54,4,31.0,17.0,43.0,7.2
12,56,4,31.0,17.0,43.0,7.2
12,58,4,31.0,17.0,43.0,7.2
12,00,5,30.0,18.1,49.0,7.2
12,02,5,30.0,18.1,49.0,7.2
12,04,5,30.0,18.1,49.0,7.2
12,06,5,30.0,18.1,49.0,7.2
12,08,5,30.0,18.1,49.0,7.2
12,10,5,30.0,18.1,49.0,7.2
12,12,5,30.0,18.1,49.0,7.2
12,14,5,30.0,18.1,49.0,7.2
12,16,5,30.0,18.1,49.0,7.2
12,18,5,30.0,18.1,49.0,7.2
12,20,5,30.0,18.1,49.0,7.2
12,22,5,30.0,18.1,49.0,7.2
12,24,5,30.0,18.1,49.0,7.2
12,26,5,30.0,18.1,49.0,7.2
12,28,5,30.0,18.1,49.0,7.2
12,30,5,30.0,18.1,49.0,7.2
12,32,5,30.0,18.1,49.0,7.2
12,34,5,30.0,18.1,49.0,7.2
12,36,5,30.0,18.1,49.0,7.2
12,38,5,30.0,18.1,49.0,7.2
12,40,5,30.0,18.1,49.0,7.2
12,42,5,30.0,18.1,49.0,7.2
12,44,5,30.0,18.1,49.0,7.2
12,46,5,30.0,18.1,49.0,7.2
12,48,5,30.0,18.1,49.0,7.2
12,50,5,30.0,18.1,49.0,7.2
12,52,5,30.0,18.1,49.0,7.2
12,54,5,30.0,18.1,49.0,7.2
12,56,5,30.0,18.1,49.0,7.2
12,58,5,30.0,18.1,49.0,7.2
12,00,5,30.0,18.1,49.0,7.2
12,02,5,30.0,18.1,49.0,7.2
12,04,5,30.0,18.1,49.0,7.2
12,06,5,30.0,18.1,49.0,7.2
12,08,5,30.0,18.1,49.0,7.2
12,10,5,30.0,18.1,49.0,7.2
12,12,5,30.0,18.1,49.0,7.2
12,14,5,30.0,18.1,49.0,7.2
12,16,5,30.0,18.1,49.0,7.2
12,18,5,30.0,18.1,49.0,7.2
12,20,5,30.0,18.1,49.0,7.2
12,22,5,30.0,18.1,49.0,7.2
12,24,5,30.0,18.1,49.0,7.2
12,26,5,30.0,18.1,49.0,7.2
12,28,5,30.0,18.1,49.0,7.2
12,30,5,30.0,18.1,49.0,7.2
12,32,5,30.0,18.1,49.0,7.2
12,34,5,30.0,18.1,49.0,7.2
12,36,5,30.0,18.1,49.0,7.2
12,38,5,30.0,18.1,49.0,7.2
12,40,5,30.0,18.1,49.0,7.2
12,42,5,30.0,18.1,49.0,7.2
12,44,5,30.0,18.1,49.0,7.2
12,46,5,30.0,18.1,49.0,7.2
12,48,5,30.0,18.1,49.0,7.2
12,50,5,30.0,18.1,49.0,7.2
12,52,5,30.0,18.1,49.0,7.2
12,54,5,30.0,18.1,49.0,7.2
12,56,5,30.0,18.1,49.0,7.2
12,58,5,30.0,18.1,49.0,7.2
12,00,6,30.0,20.0,55.0,7.2
12,02,6,30.0,20.0,55.0,7.2
12,04,6,30.0,20.0,55.0,7.2
12,06,6,30.0,20.0,55.0,7.2
12,08,6,30.0,20.0,55.0,7.2
12,10,6,30.0,20.0,55.0,7.2
12,12,6,30.0,20.0,55.0,7.2
12,14,6,30.0,20.0,55.0,7.2
12,16,6,30.0,20.0,55.0,7.2
12,18,6,30.0,20.0,55.0,7.2
12,20,6,30.0,20.0,55.0,7.2
12,22,6,30.0,20.0,55.0,7.2
12,24,6,30.0,20.0,55.0,7.2
12,26,6,30.0,20.0,55.0,7.2
12,28,6,30.0,20.0,55.0,7.2
12,30,6,30.0,20.0,55.0,7.2
12,32,6,30.0,20.0,55.0,7.2
12,34,6,30.0,20.0,55.0,7.2
12,36,6,30.0,20.0,55.0,7.2
12,38,6,30.0,20.0,55.0,7.2
12,40,6,30.0,20.0,55.0,7.2
12,42,6,30.0,20.0,55.0,7.2
12,44,6,30.0,20.0,55.0,7.2
12,46,6,30.0,20.0,55.0,7.2
12,48,6,30.0,20.0,55.0,7.2
12,50,6,30.0,20.0,55.0,7.2
12,52,6,30.0,20.0,55.0,7.2
12,54,6,30.0,20.0,55.0,7.2
12,56,6,30.0,20.0,55.0,7.2
12,58,6,30.0,20.0,55.0,7.2
12,00,6,30.0,20.0,55.0,7.2
12,02,6,30.0,20.0,55.0,7.2
12,04,6,30.0,20.0,55.0,7.2
12,06,6,30.0,20.0,55.0,7.2
12,08,6,30.0,20.0,55.0,7.2
12,10,6,30.0,20.0,55.0,7.2
12,12,6,30.0,20.0,55.0,7.2
12,14,6,30.0,20.0,55.0,7.2
12,16,6,30.0,20.0,55.0,7.2
12,18,6,30.0,20.0,55.0,7.2
12,20,6,30.0,20.0,55.0,7.2
12,22,6,30.0,20.0,55.0,7.2
12,24,6,30.0,20.0,55.0,7.2
12,26,6,30.0,20.0,55.0,7.2
12,28,6,30.0,20.0,55.0,7.2
12,30,6,30.0,20.0,55.0,7.2
12,32,6,30.0,20.0,55.0,7.2
12,34,6,30.0,20.0,55.0,7.2
12,36,6,30.0,20.0,55.0,7.2
12,38,6,30.0,20.0,55.0,7.2
12,40,6,30.0,20.0,55.0,7.2
12,42,6,30.0,20.0,55.0,7.2
12,44,6,30.0,20.0,55.0,7.2
12,46,6,30.0,20.0,55.0,7.2
12,48,6,30.0,20.0,55.0,7.2
12,50,6,30.0,20.0,55.0,7.2
12,52,6,30.0,20.0,55.0,7.2
12,54,6,30.0,20.0,55.0,7.2
12,56,6,30.0,20.0,55.0,7.2
12,58,6,30.0,20.0,55.0,7.2
12,00,0,25.0,21.9,83.0,7.2
12,02,0,25.0,21.9,83.0,7.2
12,04,0,25.0,21.9,83.0,7.2
12,06,0,25.0,21.9,83.0,7.2
12,08,0,25.0,21.9,83.0,7.2
12,10,0,25.0,21.9,83.0,7.2
12,12,0,25.0,21.9,83.0,7.2
12,14,0,25.0,21.9,83.0,7.2
12,16,0,25.0,21.9,83.0,7.2
12,18,0,25.0,21.9,83.0,7.2
12,20,0,25.0,21.9,83.0,7.2
12,22,0,25.0,21.9,83.0,7.2
12,24,0,25.0,21.9,83.0,7.2
12,26,0,25.0,21.9,83.0,7.2
12,28,0,25.0,21.9,83.0,7.2
12,30,0,25.0,21.9,83.0,7.2
12,32,0,25.0,21.9,83.0,7.2
12,34,0,25.0,21.9,83.0,7.2
12,36,0,25.0,21.9,83.0,7.2
12,38,0,25.0,21.9,83.0,7.2
12,40,0,25.0,21.9,83.0,7.2
12,42,0,25.0,21.9,83.0,7.2
12,44,0,25.0,21.9,83.0,7.2
12,46,0,25.0,21.9,83.0,7.2
12,48,0,25.0,21.9,83.0,7.2
12,50,0,25.0,21.9,83.0,7.2
12,52,0,25.0,21.9,83.0,7.2
12,54,0,25.0,21.9,83.0,7.2
12,56,0,25.0,21.9,83.0,7.2
12,58,0,25.0,21.9,83.0,7.2
12,00,0,25.0,21.9,83.0,7.2
12,02,0,25.0,21.9,83.0,7.2
12,04,0,25.0,21.9,83.0,7.2
12,06,0,25.0,21.9,83.0,7.2
12,08,0,25.0,21.9,83.0,7.2
12,10,0,25.0,21.9,83.0,7.2
12,12,0,25.0,21.9,83.0,7.2
12,14,0,25.0,21.9,83.0,7.2
12,16,0,25.0,21.9,83.0,7.2
12,18,0,25.0,21.9,83.0,7.2
12,20,0,25.0,21.9,83.0,7.2
12,22,0,25.0,21.9,83.0,7.2
12,24,0,25.0,21.9,83.0,7.2
12,26,0,25.0,21.9,83.0,7.2
12,28,0,25.0,21.9,83.0,7.2
12,30,0,25.0,21.9,83.0,7.2
12,32,0,25.0,21.9,83.0,7.2
12,34,0,25.0,21.9,83.0,7.2
12,36,0,25.0,21.9,83.0,7.2
12,38,0,25.0,21.9,83.0,7.2
12,40,0,25.0,21.9,83.0,7.2
12,42,0,25.0,21.9,83.0,7.2
12,44,0,25.0,21.9,83.0,7.2
12,46,0,25.0,21.9,83.0,7.2
12,48,0,25.0,21.9,83.0,7.2
12,50,0,25.0,21.9,83.0,7.2
12,52,0,25.0,21.9,83.0,7.2
12,54,0,25.0,21.9,83.0,7.2
12,56,0,25.0,21.9,83.0,7.2
12,58,0,25.0,21.9,83.0,7.2
12,00,1,24.0,22.1,89.0,7.2
12,02,1,24.0,22.1,89.0,7.2
12,04,1,24.0,22.1,89.0,7.2
12,06,1,24.0,22.1,89.0,7.2
12,08,1,24.0,22.1,89.0,7.2
12,10,1,24.0,22.1,89.0,7.2
12,12,1,24.0,22.1,89.0,7.2
12,14,1,24.0,22.1,89.0,7.2
12,16,1,24.0,22.1,89.0,7.2
12,18,1,24.0,22.1,89.0,7.2
12,20,1,24.0,22.1,89.0,7.2
12,22,1,24.0,22.1,89.0,7.2
12,24,1,24.0,22.1,89.0,7.2
12,26,1,24.0,22.1,89.0,7.2
12,28,1,24.0,22.1,89.0,7.2
12,30,1,24.0,22.1,89.0,7.2
12,32,1,24.0,22.1,89.0,7.2
12,34,1,24.0,22.1,89.0,7.2
12,36,1,24.0,22.1,89.0,7.2
12,38,1,24.0,22.1,89.0,7.2
12,40,1,24.0,22.1,89.0,7.2
12,42,1,24.0,22.1,89.0,7.2
12,44,1,24.0,22.1,89.0,7.2
12,46,1,24.0,22.1,89.0,7.2
12,48,1,24.0,22.1,89.0,7.2
12,50,1,24.0,22.1,89.0,7.2
12,52,1,24.0,22.1,89.0,7.2
12,54,1,24.0,22.1,89.0,7.2
12,56,1,24.0,22.1,89.0,7.2
12,58,1,24.0,22.1,89.0,7.2
12,00,1,24.0,22.1,89.0,7.2
12,02,1,24.0,22.1,89.0,7.2
12,04,1,24.0,22.1,89.0,7.2
12,06,1,24.0,22.1,89.0,7.2
12,08,1,24.0,22.1,89.0,7.2
12,10,1,24.0,22.1,89.0,7.2
12,12,1,24.0,22.1,89.0,7.2
12,14,1,24.0,22.1,89.0,7.2
12,16,1,24.0,22.1,89.0,7.2
12,18,1,24.0,22.1,89.0,7.2
12,20,1,24.0,22.1,89.0,7.2
12,22,1,24.0,22.1,89.0,7.2
12,24,1,24.0,22.1,89.0,7.2
12,26,1,24.0,22.1,89.0,7.2
12,28,1,24.0,22.1,89.0,7.2
12,30,1,24.0,22.1,89.0,7.2
12,32,1,24.0,22.1,89.0,7.2
12,34,1,24.0,22.1,89.0,7.2
12,36,1,24.0,22.1,89.0,7.2
12,38,1,24.0,22.1,89.0,7.2
12,40,1,24.0,22.1,89.0,7.2
12,42,1,24.0,22.1,89.0,7.2
12,44,1,24.0,22.1,89.0,7.2
12,46,1,24.0,22.1,89.0,7.2
12,48,1,24.0,22.1,89.0,7.2
12,50,1,24.0,22.1,89.0,7.2
12,52,1,24.0,22.1,89.0,7.2
12,54,1,24.0,22.1,89.0,7.2
12,56,1,24.0,22.1,89.0,7.2
12,58,1,24.0,22.1,89.0,7.2
12,00,2,27.0,20.1,66.0,3.6
12,02,2,27.0,20.1,66.0,3.6
12,04,2,27.0,20.1,66.0,3.6
12,06,2,27.0,20.1,66.0,3.6
12,08,2,27.0,20.1,66.0,3.6
12,10,2,27.0,20.1,66.0,3.6
12,12,2,27.0,20.1,66.0,3.6
12,14,2,27.0,20.1,66.0,3.6
12,16,2,27.0,20.1,66.0,3.6
12,18,2,27.0,20.1,66.0,3.6
12,20,2,27.0,20.1,66.0,3.6
12,22,2,27.0,20.1,66.0,3.6
12,24,2,27.0,20.1,66.0,3.6
12,26,2,27.0,20.1,66.0,3.6
12,28,2,27.0,20.1,66.0,3.6
12,30,2,27.0,20.1,66.0,3.6
12,32,2,27.0,20.1,66.0,3.6
12,34,2,27.0,20.1,66.0,3.6
12,36,2,27.0,20.1,66.0,3.6
12,38,2,27.0,20.1,66.0,3.6
12,40,2,27.0,20.1,66.0,3.6
12,42,2,27.0,20.1,66.0,3.6
12,44,2,27.0,20.1,66.0,3.6
12,46,2,27.0,20.1,66.0,3.6
12,48,2,27.0,20.1,66.0,3.6
12,50,2,27.0,20.1,66.0,3.6
12,52,2,27.0,20.1,66.0,3.6
12,54,2,27.0,20.1,66.0,3.6
12,56,2,27.0,20.1,66.0,3.6
12,58,2,27.0,20.1,66.0,3.6
12,00,2,27.0,20.1,66.0,3.6
12,02,2,27.0,20.1,66.0,3.6
12,04,2,27.0,20.1,66.0,3.6
12,06,2,27.0,20.1,66.0,3.6
12,08,2,27.0,20.1,66.0,3.6
12,10,2,27.0,20.1,66.0,3.6
12,12,2,27.0,20.1,66.0,3.6
12,14,2,27.0,20.1,66.0,3.6
12,16,2,27.0,20.1,66.0,3.6
12,18,2,27.0,20.1,66.0,3.6
12,20,2,27.0,20.1,66.0,3.6
12,22,2,27.0,20.1,66.0,3.6
12,24,2,27.0,20.1,66.0,3.6
12,26,2,27.0,20.1,66.0,3.6
12,28,2,27.0,20.1,66.0,3.6
12,30,2,27.0,20.1,66.0,3.6
12,32,2,27.0,20.1,66.0,3.6
12,34,2,27.0,20.1,66.0,3.6
12,36,2,27.0,20.1,66.0,3.6
12,38,2,27.0,20.1,66.0,3.6
12,40,2,27.0,20.1,66.0,3.6
12,42,2,27.0,20.1,66.0,3.6
12,44,2,27.0,20.1,66.0,3.6
12,46,2,27.0,20.1,66.0,3.6
12,48,2,27.0,20.1,66.0,3.6
12,50,2,27.0,20.1,66.0,3.6
12,52,2,27.0,20.1,66.0,3.6
12,54,2,27.0,20.1,66.0,3.6
12,56,2,27.0,20.1,66.0,3.6
12,58,2,27.0,20.1,66.0,3.6
